"ASV","K","P","C","O","F","G","S","sequence"
"ASV_4588","Bacteria","Cyanobacteria","Cyanobacteriia","Cyanobacteriales","Phormidiaceae","Tychonema CCAP 1459-11B","ASV_4588","AACGGAGGATGCAAGCGTTATCCGGAATGATTGGGCGTAAAGCGTCCGCAGGTGGCAGTTCAAGTCTGCTGTCAAAGACCGGGGCTTAACTTCGGAAAGGCAGTGGAAACTGAACAGCTAGAGTATGGTAGGGGCAGAGGGAATTCCTGGTGTAGCGGTGAAATGCGTAGAGATCAGGAAGAACATCGGTGGCGAAGGCGCTCTGCTGGACCATAACTGACACTCAGGGACGAAAGCTAGGGGAGCGAATGGG"
"ASV_4225","Bacteria","Cyanobacteria","Cyanobacteriia","Oxyphotobacteria Incertae Sedis","Unknown Family","Leptolyngbya EcFYyyy-00","ASV_4225","AACGGAGGATGCAAGCGTTATCCGGAATTATTGGGCGTAAAGCGTCCGCAGGTGGGTCTACAAGTCTGCTGTCAAAGTGCAGAGCTTAACTCTGTAAAGGCGGTGGAAACTGTAGGTCTTGAGTATGGTAGGGGTAGAGGGAATTCCCGGTGTAGCGGTGAAATGCGTAGATATCGGGAAGAACACCAGTGGCGAAAGCGCTCTACTGGGCCATAACTGACACTGAGGGACGAAAGCTAGGGGAGCGAAAGGG"
"ASV_1782","Bacteria","Cyanobacteria","Cyanobacteriia","Phormidesmiales","Nodosilineaceae","Nodosilinea PCC-7104","ASV_1782","GACGGAGGAGGCAAGCGTTATCCGGAATTATTGGGCGTAAAGCGTCCGCAGGCGGCTTTTTAAGTCTGTTGTCAAAGCCCACAGCTCAACTGTGGATCGGCAATGGAAACTGGGAAGCTAGAGTGTGGTAGGGGTAGAGGGAATTCCCGGTGTAGCGGTGAAATGCGTAGATATCGGGAAGAACACCAGTGGCGAAGGCGCTCTACTGGGCCACAACTGACGCTGAGGGACGAAAGCTAGGGGAGCGAAAGGG"
"ASV_4776","Bacteria","Cyanobacteria","Cyanobacteriia","Phormidesmiales","Nodosilineaceae","Nodosilinea PCC-7104","ASV_4776","GACGGAGGAGGCAAGCGTTATCCGGAATTATTGGGCGTAAAGCGTCCGCAGGCGGCTTTTTAAGTCTGTTGTCAAAGGTCACAGCTCAACTGTGGATCGGCAATGGAAACTGGGAAGCTAGAGTGTGGTAGGGGTAGAGGGAATTCCCGGTGTAGCGGTGAAATGCGTAGATATCGGGAAGAACACCAGTGGCGAAGGCGCTCTACTGGGCCACAACTGACGCTGAGGGACGAAAGCTAGGGGAGCGAAAGGG"
"ASV_3482","Bacteria","Cyanobacteria","Cyanobacteriia","Phormidesmiales","Nodosilineaceae","Nodosilinea PCC-7104","ASV_3482","GACGGAGGAGGCAAGCGTTATCCGGAATTATTGGGCGTAAAGCGTCCGCAGGCGGTTAATTAAGTCTGTTGTCAAAGGTCACAGCTCAACTGTGGATCGGCAATGGAAACTGATTGACTTGAGTGTGGTAGGGGTAGAGGGAATTCCCGGTGTAGCGGTGAAATGCGTAGATATCGGGAAGAACACCAGTGGCGAAGGCGCTCTACTGGGCCACAACTGACGCTGAGGGACGAAAGCTAGGGGAGCGAAAGGG"
"ASV_4285","Bacteria","Cyanobacteria","Cyanobacteriia","Phormidesmiales","Nodosilineaceae","Nodosilinea PCC-7104","ASV_4285","GACGGAGGAGGCAAGCGTTATCCGGAATTATTGGGCGTAAAGCGTCCGCAGGCGGTTAATTAAGTCTGTTGTCAAAGGTCACAGCTCAACTGTGGATCGGCAATGGAAACTGGTTGACTTGAGTGTGGTAGGGGTAGAGGGAATTCCCGGTGTAGCGGTGAAATGCGTAGATATCGGGAAGAACACCAGTGGCGAAGGCGCTCTACTGGGCCACAACTGACGCTGAGGGACGAAAGCTAGGGGAGCGAAAGGG"
"ASV_1889","Bacteria","Cyanobacteria","Cyanobacteriia","Phormidesmiales","Nodosilineaceae","Nodosilinea PCC-7104","ASV_1889","GACGGAGGAGGCAAGCGTTATCCGGAATTATTGGGCGTAAAGCGTCCGCAGGCGGTTTTTTAAGTCTGTTGTCAAAGCCCACAGCTCAACTGTGGATCGGCAATGGAAACTGGGAGACTTGAGTGTGGTAGGGGTAGAGGGAATTCCCGGTGTAGCGGTGAAATGCGTAGATATCGGGAAGAACACCAGTGGCGAAGGCGCTCTACTGGGCCACAACTGACGCTGAGGGACGAAAGCTAGGGGAGCGAAAGGG"
"ASV_2474","Bacteria","Cyanobacteria","Cyanobacteriia","NA","NA","NA","ASV_2474","GACGGAGGAGGCAAGCGTTATCCGGAATTATTGGGCGTAAAGCGTCCGTAGGTGGTTATTCAAGTCTTTTGTTAAATAGTGGAGCTCAACTCCATAGAGGCGGAAGAAACTGAGTAACTTGAGTGTGGTAGGGGTAGAGGGAATTCCAGGTGTAGCGGTGAAATGCGTAGATATCTGGAAGAACACCAGTGGCGAAGGCGCTCTACTGGGCCATAACTGACACTGAGGGACGAAAGCTAGGGGAGCGAAAGGG"
"ASV_477","Bacteria","Cyanobacteria","Cyanobacteriia","Cyanobacteriales","NA","NA","ASV_477","GACGGAGGAGGCAAGCGTTATCCGGAATTATTGGGCGTAAAGCGTCCGTAGGTGGTTTTGCAAGTCTGCTGTCAAAGCCCGTGGCTCAACCACGGAAAGGCAGTGGAAACTACAAAACTGGAGTGCAGTAGGGGCAGAGGGAATTCCCAGAGTAGCGGTGAAATGCGTAGAGATTGGGAAGAACACCCGTGGCGAAAGCGCTCTGCTGGACTGCAACTGACACTAAGGGACGAAAGCTAGGGGAGCGAATGGG"
"ASV_3157","Bacteria","Cyanobacteria","Cyanobacteriia","Cyanobacteriales","Phormidiaceae","Tychonema CCAP 1459-11B","ASV_3157","GACGGAGGATGCAAGCGTTATCCGGAATGATTGGGCGTAAAGCGTCCGCAGGTGGCAATTCAAGTCTGCTGTCAAAGACCGGGGCTTAACTTCGGAAAGGCAGTGGAAACTGAACAGCTAGAGTATGGTAGGGGCAGAGGGAATTCCTGGTGTAGCGGTGAAATGCGTAGAGATCAGGAAGAACATCGGTGGCGAAGGCGCTCTGCTGGACCATAACTGACACTCAGGGACGAAAGCTAGGGGAGCGAATGGG"
"ASV_1175","Bacteria","Cyanobacteria","Cyanobacteriia","Cyanobacteriales","Phormidiaceae","Tychonema CCAP 1459-11B","ASV_1175","GACGGAGGATGCAAGCGTTATCCGGAATGATTGGGCGTAAAGCGTCCGCAGGTGGCAGTTCAAGTCTGCTGTCAAAGACCGGGGCTCAACCTCGGAAAGGCAGTGGAAACTGAACAGCTAGAGTATGGTAGGGGCAAAGGGAATTCCTGGTGTAGCGGTGAAATGCGTAGAGATCAGGAAGAACATCGGTGGCGAAGGCGCTTTGCTGGACCATAACTGACACTCAGGGACGAAAGCTAGGGGAGCGAATGGG"
"ASV_882","Bacteria","Cyanobacteria","Cyanobacteriia","Cyanobacteriales","Phormidiaceae","Tychonema CCAP 1459-11B","ASV_882","GACGGAGGATGCAAGCGTTATCCGGAATGATTGGGCGTAAAGCGTCCGCAGGTGGCAGTTCAAGTCTGCTGTCAAAGACCGGGGCTCAACCTCGGAAAGGCAGTGGAAACTGAACAGCTAGAGTATGGTAGGGGCAGAGGGAATTCCTGGTGTAGCGGTGAAATGCGTAGAGATCAGGAAGAACATCGGTGGCGAAGGCGCTCTGCTGGACCATAACTGACACTCAGGGACGAAAGCTAGGGGAGCGAATGGG"
"ASV_2043","Bacteria","Cyanobacteria","Cyanobacteriia","Cyanobacteriales","Phormidiaceae","Tychonema CCAP 1459-11B","ASV_2043","GACGGAGGATGCAAGCGTTATCCGGAATGATTGGGCGTAAAGCGTCCGCAGGTGGCAGTTCAAGTCTGCTGTCAAAGACCGGGGCTCAACTTCGGAAAGGCAGTGGAAACTGAACAGCTAGAGTATGGTAGGGGCAGAGGGAATTCCTGGTGTAGCGGTGAAATGCGTAGAGATCAGGAAGAACATCGGTGGCGAAGGCGCTCTGCTGGACCATAACTGACACTCAGGGACGAAAGCTAGGGGAGCGAATGGG"
"ASV_2231","Bacteria","Cyanobacteria","Cyanobacteriia","Cyanobacteriales","Phormidiaceae","Tychonema CCAP 1459-11B","ASV_2231","GACGGAGGATGCAAGCGTTATCCGGAATGATTGGGCGTAAAGCGTCCGCAGGTGGCAGTTCAAGTCTGCTGTCAAAGACCGGGGCTTAACCTCGGAAAGGCAGTGGAAACTGAACAGCTAGAGTATGGTAGGGGCAAAGGGAATTCCTGGTGTAGCGGTGAAATGCGTAGAGATCAGGAAGAACATCGGTGGCGAAGGCGCTTTGCTGGACCATAACTGACACTCAGGGACGAAAGCTAGGGGAGCGAATGGG"
"ASV_2666","Bacteria","Cyanobacteria","Cyanobacteriia","Cyanobacteriales","Phormidiaceae","Tychonema CCAP 1459-11B","ASV_2666","GACGGAGGATGCAAGCGTTATCCGGAATGATTGGGCGTAAAGCGTCCGCAGGTGGCAGTTCAAGTCTGCTGTCAAAGACCGGGGCTTAACCTCGGAAAGGCAGTGGAAACTGAACAGCTAGAGTATGGTAGGGGCAGAGGGAATTCCTGGTGTAGCGGTGAAATGCGTAGAGATCAGGAAGAACATCGGTGGCGAAGGCGCTCTGCTGGACCATAACTGACACTCAGGGACGAAAGCTAGGGGAGCGAATGGG"
"ASV_936","Bacteria","Cyanobacteria","Cyanobacteriia","Cyanobacteriales","Phormidiaceae","Tychonema CCAP 1459-11B","ASV_936","GACGGAGGATGCAAGCGTTATCCGGAATGATTGGGCGTAAAGCGTCCGCAGGTGGCAGTTCAAGTCTGCTGTCAAAGACCGGGGCTTAACTTCGGAAAGGCAATGGAAACTGAACAGCTAGAGTATGGTAGGGGCAGAGGGAATTCCTGGTGTAGCGGTGAAATGCGTAGAGATCAGGAAGAACATCGGTGGCGAAGGCGCTCTGCTGGACCATAACTGACACTCAGGGACGAAAGCTAGGGGAGCGAATGGG"
"ASV_2327","Bacteria","Cyanobacteria","Cyanobacteriia","Cyanobacteriales","Phormidiaceae","Tychonema CCAP 1459-11B","ASV_2327","GACGGAGGATGCAAGCGTTATCCGGAATGATTGGGCGTAAAGCGTCCGCAGGTGGCAGTTCAAGTCTGCTGTCAAAGACCGGGGCTTAACTTCGGAAAGGCAGTGGAAACTGAACAGCTAGAGTATGGTAGGGGCAAAGGGAATTCCTGGTGTAGCGGTGAAATGCGTAGAGATCAGGAAGAACATCGGTGGCGAAGGCGCTTTGCTGGACCATAACTGACACTCAGGGACGAAAGCTAGGGGAGCGAATGGG"
"ASV_2694","Bacteria","Cyanobacteria","Cyanobacteriia","Cyanobacteriales","Phormidiaceae","Tychonema CCAP 1459-11B","ASV_2694","GACGGAGGATGCAAGCGTTATCCGGAATGATTGGGCGTAAAGCGTCCGCAGGTGGCAGTTCAAGTCTGCTGTCAAAGACCGGGGCTTAACTTCGGAAAGGCAGTGGAAACTGAACAGCTAGAGTATGGTAGGGGCAGAGGGAATTCCCGGTGTAGCGGTGAAATGCGTAGAGATCGGGAAGAACATCGGTGGCGAAGGCGCTCTGCTGGACCATAACTGACACTCAGGGACGAAAGCTAGGGGAGCGAATGGG"
"ASV_1","Bacteria","Cyanobacteria","Cyanobacteriia","Cyanobacteriales","Phormidiaceae","Tychonema CCAP 1459-11B","ASV_1","GACGGAGGATGCAAGCGTTATCCGGAATGATTGGGCGTAAAGCGTCCGCAGGTGGCAGTTCAAGTCTGCTGTCAAAGACCGGGGCTTAACTTCGGAAAGGCAGTGGAAACTGAACAGCTAGAGTATGGTAGGGGCAGAGGGAATTCCTGGTGTAGCGGTGAAATGCGTAGAGATCAGGAAGAACATCGGTGGCGAAGGCGCTCTGCTGGACCATAACTGACACTCAGGGACGAAAGCTAGGGGAGCGAATGGG"
"ASV_583","Bacteria","Cyanobacteria","Cyanobacteriia","Cyanobacteriales","Phormidiaceae","Tychonema CCAP 1459-11B","ASV_583","GACGGAGGATGCAAGCGTTATCCGGAATGATTGGGCGTAAAGCGTCCGCAGGTGGCAGTTCAAGTCTGCTGTCAAAGACCGGGGCTTAACTTCGGAAAGGCAGTGGAAACTGAACAGCTAGAGTATGGTAGGGGCAGAGGGAATTCCTGGTGTAGCGGTGAAATGCGTAGAGATCAGGAAGAACATCGGTGGCGAAGGCGCTCTGCTGGACCATAACTGACGCTCAGGGACGAAAGCTAGGGGAGCGAATGGG"
"ASV_122","Bacteria","Cyanobacteria","Cyanobacteriia","Cyanobacteriales","Phormidiaceae","Tychonema CCAP 1459-11B","ASV_122","GACGGAGGATGCAAGCGTTATCCGGAATGATTGGGCGTAAAGCGTCCGCAGGTGGCAGTTCAAGTCTGCTGTCAAAGACCGGGGCTTAACTTCGGAAAGGCAGTGGAAATTGAACAGCTAGAGTATGGTAGGGGCAGAGGGAATTCCTGGTGTAGCGGTGAAATGCGTAGAGATCAGGAAGAACATCGGTGGCGAAGGCGCTCTGCTGGACCATAACTGACACTCAGGGACGAAAGCTAGGGGAGCGAATGGG"
"ASV_3909","Bacteria","Cyanobacteria","Cyanobacteriia","Cyanobacteriales","Phormidiaceae","Tychonema CCAP 1459-11B","ASV_3909","GACGGAGGATGCAAGCGTTATCCGGAATGATTGGGCGTAAAGCGTCCGCAGGTGGCAGTTCAAGTCTGCTGTCAAAGACTGGGGCTTAACTTCGGAAAGGCAGTGGAAACTGAACAGCTAGAGTATGGTAGGGGCAGAGGGAATTCCTGGTGTAGCGGTGAAATGCGTAGAGATCAGGAAGAACATCGGTGGCGAAGGCGCTCTGCTGGACCATAACTGACACTCAGGGACGAAAGCTAGGGGAGCGAATGGG"
"ASV_1425","Bacteria","Cyanobacteria","Cyanobacteriia","Cyanobacteriales","Phormidiaceae","NA","ASV_1425","GACGGAGGATGCAAGCGTTATCCGGAATGATTGGGCGTAAAGCGTCCGCAGGTGGCTCTTCAAGTCTGCTGTCAAAGAGCAAGGCTCAACCTTGTCAAGGCAGTGGAAACTGAAAAGCTAGAGTGTGGTAGGGGTAGAGGGAATTCCCAGTGTAGCGGTGAAATGCGTAGAGATTGGGAAGAACACCGGTGGCGAAAGCGCTCTACTGGACCTGCACTGACACTGAGGGACGAAAGCTAGGGGAGCGAATGGG"
"ASV_392","Bacteria","Cyanobacteria","Cyanobacteriia","Cyanobacteriales","Phormidiaceae","Tychonema CCAP 1459-11B","ASV_392","GACGGAGGATGCAAGCGTTATCCGGAATGATTGGGCGTAAAGCGTCTGCAGGTGGCAGTTCAAGTCTGCTGTCAAAGACCGGGGCTTAACTTCGGAAAGGCAGTGGAAACTGAACAGCTAGAGTATGGTAGGGGCAGAGGGAATTCCTGGTGTAGCGGTGAAATGCGTAGAGATCAGGAAGAACATCGGTGGCGAAGGCGCTCTGCTGGACCATAACTGACACTCAGGGACGAAAGCTAGGGGAGCGAATGGG"
"ASV_655","Bacteria","Cyanobacteria","Cyanobacteriia","Oxyphotobacteria Incertae Sedis","Unknown Family","Leptolyngbya EcFYyyy-00","ASV_655","GACGGAGGATGCAAGCGTTATCCGGAATTATTGGGCGTAAAGCGTCCGCAGGTGGACATACAAGTCTGCTGTCAAATTGCAGAGCTTAACTCTGTACAGGCGGTGGAAACTGTATATCTTGAGTATGGTAGGGGTAGAGGGAATTCCCGGTGTAGCGGTGAAATGCGTAGATATCGGGAAGAACACCAGTGGCGAAAGCGCTCTGCTGGACCATAACTGACACTGAGGGACGAAAGCTAGGGGAGCGAAAGGG"
"ASV_4266","Bacteria","Cyanobacteria","Cyanobacteriia","Oxyphotobacteria Incertae Sedis","Unknown Family","Leptolyngbya EcFYyyy-00","ASV_4266","GACGGAGGATGCAAGCGTTATCCGGAATTATTGGGCGTAAAGCGTCCGCAGGTGGGTCTACAAGTCTGCTGTCAAAGTGCAGAGCTTAACTCTGTAAAGGCGGTGGAAACTGTAGGTCTTGAGTATGGTAGGGGTAGAGGGAATTCCCGGTGTAGCGGTGAAATGCGTAGATATCGGGAAGAACACCAGTGGCGAAAGCGCTCTACTGGGCCATAACTGACACTGAGGGACGAAAGCTAGGGGAGCGAAAGGG"
"ASV_845","Bacteria","Cyanobacteria","Cyanobacteriia","Oxyphotobacteria Incertae Sedis","Unknown Family","Leptolyngbya EcFYyyy-00","ASV_845","GACGGAGGATGCAAGCGTTATCCGGAATTATTGGGCGTAAAGCGTCCGCAGGTGGTTTGACAAGTCTGCTGTCAAAGTGCAGAGCTTAACTCTGTAAAGGCGGTGGAAACTGTCAAGCTTGAGTATGGTAGGGGTAGAGGGAATTCCCGGTGTAGCGGTGAAATGCGTAGATATCGGGAAGAACACCAGTGGCGAAAGCGCTCTACTGGGCCATAACTGACACTGAGGGACGAAAGCTAGGGGAGCGAAAGGG"
"ASV_3452","Bacteria","Cyanobacteria","Cyanobacteriia","Oxyphotobacteria Incertae Sedis","Unknown Family","Leptolyngbya EcFYyyy-00","ASV_3452","GACGGAGGATGCAAGCGTTATCCGGAATTATTGGGCGTAAAGCGTCCGCAGGTGGTTTGACAAGTCTGCTGTCAAAGTGCAGAGCTTAACTCTGTAAAGGCGGTGGAAACTGTGAAGCTTGAGTATGGTAGGGGTAGAGGGAATTCCCGGTGTAGCGGTGAAATGCGTAGATATCGGGAAGAACACCAGTGGCGAAAGCGCTCTACTGGGCCATAACTGACACTGAGGGACGAAAGCTAGGGGAGCGAAAGGG"
"ASV_517","Bacteria","Cyanobacteria","Cyanobacteriia","Oxyphotobacteria Incertae Sedis","Unknown Family","Leptolyngbya EcFYyyy-00","ASV_517","GACGGAGGATGCAAGCGTTATCCGGAATTATTGGGCGTAAAGCGTCCGCAGGTGGTTTGACAAGTCTGCTGTTAAAGTGCAGAGCTTAACTCTGTAAAGGCGGTGGAAACTGTCAAGCTTGAGTATGGTAGGGGTAGAGGGAATTCCCGGTGTAGCGGTGAAATGCGTAGATATCGGGAAGAACACCAGTGGCGAAAGCGCTCTACTGGGCCATAACTGACACTGAGGGACGAAAGCTAGGGGAGCGAAAGGG"
"ASV_2518","Bacteria","Cyanobacteria","Cyanobacteriia","Phormidesmiales","Phormidesmiaceae","Phormidesmis ANT.LACV5.1","ASV_2518","GACGGAGGATGCAAGCGTTATCCGGAATTATTGGGCGTAAAGCGTCCGTAGGTGGTTATAAAAGTCTGTTGTTAAAGCCCACAGCTCAACTGTGGATCGGCAATGGAAACTGTATGACTTGAGTGTGGTAGGGGTAGAGGGAATTCCTAGTGTAGCGGTGAAATGCGTAGATATTAGGAAGAACACCAGTGGCGAAGGCGCTCTACTGGGCCATAACTGACACTGATGGACGAAAGCTAGGGGAGCGAAAGGG"
"ASV_2375","Bacteria","Cyanobacteria","Vampirivibrionia","Vampirovibrionales","Vampirovibrionaceae","NA","ASV_2375","GACGTAGGATGCAAGCGTTGTCCGGAATTATTGGGCGTAAAGAGTTCGTAGGCGGTTACTTAAGTCTGATGTTAAATACCAGAGCTCAACTCTGGCATGGCATTGGAAACTGGGTAGCTAGAGTGTGGTAGAGGTCACGGGAATTCCTGGTGTAGCGGTGAAATGCGTAGATATCAGGAGGAACACCGGTGGCGAAAGCGCGTGACTGGGCCATAACTGACGCTGAGGAACGAAAGCCAGGGTAGCGAAAGGG"
"ASV_2605","Bacteria","Cyanobacteria","Vampirivibrionia","Vampirovibrionales","NA","NA","ASV_2605","GACGTAGGATGCAAGCGTTGTCCGGATTTATTGGGCGTAAAGAGTTCGTAGGCGGTTGCCTAAGTCTGATGTTAAAGCTCGGAGCTTAACTCCGAATCAGCATCGGATACTGGGCAGCTAGAGTGTGGTAGAGGTAATGGGAATTCCCGGTGTAGCGGTGAAATGCGTAGATATCGGGAGGAACACCAGCGGCGAAAGCGCATTACTGGGCCACAACTGACGCTGAGGAACGAAAGCCAGGGTAGCGAAAGGG"
"ASV_2619","Bacteria","Cyanobacteria","Vampirivibrionia","Obscuribacterales","Obscuribacteraceae","NA","ASV_2619","GACGTAGGATGCAAGCGTTGTCCGGATTTATTGGGCGTAAAGAGTTCGTAGGCTGTTTGTTAAGTCTGATGTTAAAGACCGGGGCTCAACCTCGGAAATGCATTGGATACTGGCAGACTGGAGTGCAGTAGAGGCTAGTGGAATTCCCAGTGTAGCGGTGAAATGCGTAGATATTGGGAAGAACACCGGTGGCGTAGGCGACTAGCTGGGCTGTAACTGACGCTGAGGAACGAAAGCCAGGGGAGCGAATGGG"
"ASV_4488","Bacteria","Cyanobacteria","Vampirivibrionia","Obscuribacterales","Obscuribacteraceae","NA","ASV_4488","GACGTAGGATGCAAGCGTTGTCCGGATTTATTGGGCGTAAAGAGTTCGTAGGTGGTTTGTTAAGTTTGGTGTTAAAGAACGGGGCCTAACCCCGGTAGTGCACTGAATACTGGCAGACTTGAGTGCGGTAGAGGTAAGTGGAATTCCAAGTGTAGCGGTGAAATGCATAGATATTTGGAAGAACACCGGTGGCGTAAGCGACTTACTGGGCCGTAACTGACACTGAGGAACGAAAGCCGGGGTAGCGAATGGG"
"ASV_5503","Bacteria","Cyanobacteria","Vampirivibrionia","Obscuribacterales","Obscuribacteraceae","Candidatus Obscuribacter","ASV_5503","GACGTAGGATGCAAGCGTTGTCCGGATTTATTGGGCGTAAAGAGTTCGTAGGTGGTTTGTTAAGTTTGGTGTTAAAGATTGGGGCTCAACCCTGAAACTGCACTGAATACTGGCAGACTCGAGTGTGGTAGGGGCTAGTGGAATTCCCAGTGTAGCGGTGAAATGCGTAGATATTGGGAAGAACACCGGTGGCGTAGGCGACTAGCTGGGCCATAACTGACACTGAGGAACGAAAGCCAGGGGAGCGAATGGG"
"ASV_918","Bacteria","Cyanobacteria","Cyanobacteriia","Cyanobacteriales","Nostocaceae","Calothrix PCC-6303","ASV_918","TACAGAGGATGCAAGCGTTATCCGGAATGATTGGGCGTAAAGCGTCCGCAGGTGGTTTAAAAAGTCTGCTGTTAAAGCGTGTGGCTCAACCACATACAGGCAGTGGAAACTATTAGACTAGAGTATGTTAGGGGTAGAGGGAATTCCCAGTGTAGCGGTGAAATGCGTAGAGATTGGGAAGAACACCGGTGGCGAAAGCGCTCTGCTAGGACAATACTGACACTGAGGGACGAAAGCTAGGGGAGCGAATGGG"
"ASV_1536","Bacteria","Cyanobacteria","Cyanobacteriia","Cyanobacteriales","Nostocaceae","Calothrix PCC-6303","ASV_1536","TACAGAGGATGCAAGCGTTATCCGGAATGATTGGGCGTAAAGCGTCCGCAGGTGGTTTAAAAAGTCTGCTGTTAAAGCGTTAGGCTCAACCTAATAAGGGCAGTGGAAACTATTAGACTAGAGTATGTTAGGGGTAGAGGGAATTCCCAGTGTAGCGGTGAAATGCGTAGAGATTGGGAAGAACACCGGTGGCGAAAGCGCTCTGCTAGGACAATACTGACACTGAGGGACGAAAGCTAGGGGAGCGAATGGG"
"ASV_895","Bacteria","Cyanobacteria","Cyanobacteriia","Cyanobacteriales","Nostocaceae","Calothrix PCC-6303","ASV_895","TACAGAGGATGCAAGCGTTATCCGGAATGATTGGGCGTAAAGCGTCCGCAGGTGGTTTAGAAAGTCTGCTGTTAAAGCGTGTAGCTCAACTACATACAGGCAGTGGAAACTATTAGACTAGAGTATGTTAGGGGTAGAGGGAATTCCCAGTGTAGCGGTGAAATGCGTAGAGATTGGGAAGAACACCGGTGGCGAAAGCGCTCTGCTAGGACAATACTGACACTGAGGGACGAAAGCTAGGGGAGCGAATGGG"
"ASV_2081","Bacteria","Cyanobacteria","Cyanobacteriia","Cyanobacteriales","NA","NA","ASV_2081","TACGGAGGAGGCAAGCGTTATCCGGAATGATTGGGCGTAAAGCGTCCGTAGGTGGTTTTTCCAGTCGGCTGTTAAAGAGCAAAGCTCAACTTTGTAAAGGCAGTGGAAACTGAAAGACTAGAGAGCCGTAGGGGTAGAGGGAATTCCCGGTGTAGCGGTGAAATGCGTAGAGATCGGGAAGAACACCGGTGGCGAAAGCGCTCTACTGGACGGCATCTGACACTCACAGGACGAAAGCTAGGGGAGCGAATGGG"
"ASV_460","Bacteria","Cyanobacteria","Cyanobacteriia","Cyanobacteriales","Coleofasciculaceae","Microcoleus SAG 1449-1a","ASV_460","TACGGAGGAGGCAAGCGTTATCCGGAATTATTGGGCGTAAAGCGTCCGCAGGTGGCACCTCAAGTCTGCTGTCAAAGACCGGGGCTTAACCCCAGAAAGGCAGTGGAAACTGAAGTGCTAGAGTGCAGTAGGGGTAGAGGGAATTCCCGGTGTAGCGGTGAAATGCGTAGAGATCGGGAAGAACATCGGTGGCGAAAGCGCTCTGCTGGACTGCAACTGACACTCAGGGACGAAAGCTAGGGGAGCGAATGGG"
"ASV_134","Bacteria","Cyanobacteria","Cyanobacteriia","Cyanobacteriales","Coleofasciculaceae","Microcoleus PCC-7113","ASV_134","TACGGAGGAGGCAAGCGTTATCCGGAATTATTGGGCGTAAAGCGTCCGCAGGTGGCACTTCAAGTCTGTCGTCAAAGACTGGGGCTTAACCCTGGAAAGGCGGTGGAAACTGAAGCGCTAGAGTGTGGTAGGGGTAGAGGGAATTCCCGGTGTAGCGGTGAAATGCGTAGAGATCGGGAAGAACATCGGTGGCGAAAGCGCTCTACTGGACCACAACTGACACTCAGGGACGAAAGCTAGGGGAGCGAATGGG"
"ASV_297","Bacteria","Cyanobacteria","Cyanobacteriia","Cyanobacteriales","Coleofasciculaceae","Microcoleus SAG 1449-1a","ASV_297","TACGGAGGAGGCAAGCGTTATCCGGAATTATTGGGCGTAAAGCGTCCGCAGGTGGCGATTCAAGTCTGCGGTCAAAGACTGGGGCTTAACCCTGGAAAGGCCGTGGAAACTGAAGAGCTAGAGTGCAGTAGGGGTAGAGGGAATTCCCGGTGTAGCGGTGAAATGCGTAGAGCTCGGGAAGAACATCGGTGGCGAAAGCGCTCTGCTGGACTGCAACTGACACTCAGGGACGAAAGCTAGGGGAGCGAATGGG"
"ASV_181","Bacteria","Cyanobacteria","Cyanobacteriia","Cyanobacteriales","Coleofasciculaceae","NA","ASV_181","TACGGAGGAGGCAAGCGTTATCCGGAATTATTGGGCGTAAAGCGTCCGCAGGTGGCTATTCAAGTCTGCCGTCAAAGACCGGGGCTTAACCCTGGAAAGGCGGTGGAAACTGAAAGGCTAGAGAGAGGTAGGGGTAGAGGGAATTCCCAGTGTAGCGGTGAAATGCGTAGAGATTGGGAAGAACACCGGTGGCGAAAGCGCTCTACTGGACCTCATCTGACACTAGAGGACGAAAGCTAGGGGAGCGAATGGG"
"ASV_640","Bacteria","Cyanobacteria","Cyanobacteriia","Cyanobacteriales","Coleofasciculaceae","NA","ASV_640","TACGGAGGAGGCAAGCGTTATCCGGAATTATTGGGCGTAAAGCGTCCGCAGGTGGCTATTCAAGTCTGCTGTCAAAGCACAGGGCTTAACCCTGTCAAGGCGGTGGAAACTGAATGGCTAGAGAGAGGTAGGGGTAGAGGGAATTCCCAGTGTAGCGGTGAAATGCGTAGAGATTGGGAAGAACATCGGTGGCGAAAGCGCTCTACTGGACCTCATCTGACACTCAGGGACGAAAGCTAGGGGAGCGAATGGG"
"ASV_4091","Bacteria","Cyanobacteria","Cyanobacteriia","Cyanobacteriales","Coleofasciculaceae","NA","ASV_4091","TACGGAGGAGGCAAGCGTTATCCGGAATTATTGGGCGTAAAGCGTCCGCAGGTGGCTATTCAAGTCTGCTGTCAAAGCATAGGGCTTAACCCTGTCAAGGCGGTGGAAACTGAATGGCTAGAGAGAGGTAGGGGTAGAGGGAATTCCCAGTGTAGCGGTGAAATGCGTAGAGATTGGGAAGAACATCGGTGGCGAAAGCGCTCTACTGGACCTCATCTGACACTCAGGGACGAAAGCTAGGGGAGCGAATGGG"
"ASV_804","Bacteria","Cyanobacteria","Cyanobacteriia","Cyanobacteriales","Coleofasciculaceae","NA","ASV_804","TACGGAGGAGGCAAGCGTTATCCGGAATTATTGGGCGTAAAGCGTCCGCAGGTGGCTTATCAAGTCTGCCGTCAAAGACCGGGGCTTAACCCTGGAAAGGCGGTGGAAACTGACAAGCTAGAGTGCCGTAGGGGTAGAGGGAATTCCCGGTGTAGCGGTGAAATGCGTAGAGCTCGGGAAGAACATCGGTGGCGAAAGCGCTCTACTGGACGGCAACTGACACTCAGGGACGAAAGCTAGGGGAGCGAATGGG"
"ASV_310","Bacteria","Cyanobacteria","Cyanobacteriia","Cyanobacteriales","Coleofasciculaceae","NA","ASV_310","TACGGAGGAGGCAAGCGTTATCCGGAATTATTGGGCGTAAAGCGTCCGCAGGTGGCTTATCAAGTCTGCCGTCAAAGACCGGGGCTTAACCCTGGAAAGGCGGTGGAAACTGACAAGCTAGAGTGTCGTAGGGGTAGAGGGAATTCCCGGTGTAGCGGTGAAATGCGTAGAGCTCGGGAAGAACATCGGTGGCGAAAGCGCTCTACTGGACGGCAACTGACACTCAGGGACGAAAGCTAGGGGAGCGAATGGG"
"ASV_1015","Bacteria","Cyanobacteria","Cyanobacteriia","Cyanobacteriales","Coleofasciculaceae","Symplocastrum CPER-KK1","ASV_1015","TACGGAGGAGGCAAGCGTTATCCGGAATTATTGGGCGTAAAGCGTCCGCAGGTGGCTTATCAAGTCTGCTGTCAAAGAGTGGGGCTTAACCCCATAAAGGCAGTGGAAACTGAGAAGCTAGAGTGCCGTAGGGGTAGAGGGAATTCCCGGTGTAGCGGTGAAATGCGTAGAGATCGGGAAGAACATCGGTGGCGAAAGCGCTCTACTGGACGGCAACTGACACTCAGGGACGAAAGCTAGGGGAGCGAATGGG"
"ASV_89","Bacteria","Cyanobacteria","Cyanobacteriia","Cyanobacteriales","Coleofasciculaceae","Symplocastrum CPER-KK1","ASV_89","TACGGAGGAGGCAAGCGTTATCCGGAATTATTGGGCGTAAAGCGTCCGCAGGTGGCTTATCAAGTCTGCTGTCAAAGAGTGGGGCTTAACCCCATTAAGGCAGTGGAAACTGAGAAGCTAGAGTGCCGTAGGGGTAGAGGGAATTCCCGGTGTAGCGGTGAAATGCGTAGAGATCGGGAAGAACATCGGTGGCGAAAGCGCTCTACTGGACGGCAACTGACACTCAGGGACGAAAGCTAGGGGAGCGAATGGG"
"ASV_3356","Bacteria","Cyanobacteria","Cyanobacteriia","Cyanobacteriales","Coleofasciculaceae","Microcoleus Es-Yyy1400","ASV_3356","TACGGAGGAGGCAAGCGTTATCCGGAATTATTGGGCGTAAAGCGTCCGCAGGTGGCTTGTCAAGTCTGCTGTCAAAGGTCAAGGCTTAACCTTGAAAAGGCAGTGGAAACTGACAAACTAGAGGGCTCTAGGGGTAGAGGGAATTCCCGGTGTAGCGGTGAAATGCGTAGAGATCGGGAAGAACATCGGTGGCGAAAGCGCTCTACTGGAGAGCAACTGACACTCAGGGACGAAAGCTAGGGGAGCGAATGGG"
"ASV_253","Bacteria","Cyanobacteria","Cyanobacteriia","Cyanobacteriales","Coleofasciculaceae","Microcoleus Es-Yyy1400","ASV_253","TACGGAGGAGGCAAGCGTTATCCGGAATTATTGGGCGTAAAGCGTCCGCAGGTGGCTTGTCAAGTCTGCTGTCAAAGGTCAAGGCTTAACCTTGAAAAGGCAGTGGAAACTGACAAGCTAGAGGGCTCTAGGGGTAGAGGGAATTCCCGGTGTAGCGGTGAAATGCGTAGAGATCGGGAAGAACATCGGTGGCGAAAGCGCTCTACTGGAGAGCAACTGACACTCAGGGACGAAAGCTAGGGGAGCGAATGGG"
"ASV_380","Bacteria","Cyanobacteria","Cyanobacteriia","Cyanobacteriales","Coleofasciculaceae","Microcoleus SAG 1449-1a","ASV_380","TACGGAGGAGGCAAGCGTTATCCGGAATTATTGGGCGTAAAGCGTCCGTAGATGGTCGCTTCAAGTCTGCTGTCAAAGACCGGGGCTTAACCCCAGAAAGGCAGTGGAAACTGAACAGCTAGAGAGAGGTAGGGGTAGAGGGAATTCCCAGTGTAGCGGTGAAATGCGTAGATATTGGGAAGAACATCAGTGGCGAAAGCGCTCTACTGGACCTTATCTGACATTGAGGGACGAAAGCTAGGGGAGCGAATGGG"
"ASV_3834","Bacteria","Cyanobacteria","Cyanobacteriia","Cyanobacteriales","Coleofasciculaceae","Microcoleus SAG 1449-1a","ASV_3834","TACGGAGGAGGCAAGCGTTATCCGGAATTATTGGGCGTAAAGCGTCCGTAGATGGTCGTTTCAAGTCTGCTGTCAAAGACCGGGGCTTAACCCCAGAAAGGCAGTGGAAACTGAACAGCTAGAGAGAGGTAGGGGTAGAGGGAATTCCCAGTGTAGCGGTGAAATGCGTAGATATTGGGAAGAACATCAGTGGCGAAAGCGCTCTACTGGACCTTATCTGACATTGAGGGACGAAAGCTAGGGGAGCGAATGGG"
"ASV_2329","Bacteria","Cyanobacteria","Cyanobacteriia","Cyanobacteriales","NA","NA","ASV_2329","TACGGAGGAGGCAAGCGTTATCCGGAATTATTGGGCGTAAAGCGTCCGTAGATGGTTTTGTAAGTCTGCTGTCAAAGCACAGGGCTTAACCCTGTAAAGGCAGTGGAAACTACAAAACTGGAGTGCAGTAGGGGCAGAGGGAATTCCCAGAGTAGCGGTGAAATGCGTAGAGATTGGGAAGAACACCCGTGGCGAAAGCGCTCTGCTGGACTGCAACTGACATTGAGGGACGAAAGCTAGGGGAGCGAATGGG"
"ASV_197","Bacteria","Cyanobacteria","Cyanobacteriia","Leptolyngbyales","Leptolyngbyaceae","NA","ASV_197","TACGGAGGAGGCAAGCGTTATCCGGAATTATTGGGCGTAAAGCGTCCGTAGGTGGCAGTTCAAGTCCATTGTCAAAGCGTGGAGCTTAACTCCATAAAGGCAGTGGAAACTGAATCGCTGGAGTGCGACAGGGGCAAGGGGAATTCCTAGTGTAGCGGTGAAATGCGTAGAGATTAGGAAGAACACCGGTGGCGAAAGCGCCTTGCTGGGTCTGCACTGACACTGATGGACGAAAGCTAGGGGAGCGAAAGGG"
"ASV_1257","Bacteria","Cyanobacteria","Cyanobacteriia","NA","NA","NA","ASV_1257","TACGGAGGAGGCAAGCGTTATCCGGAATTATTGGGCGTAAAGCGTCCGTAGGTGGCGATTCAAGTCTGCAGTTAAAGCGTGAGGCTCAACCTCATAAAGGCAGTGGAAACTGAATTGCTGGAGTGCAGCAGGGGCAACGGGAATTCCTAGTGTAGCGGTGAAATGCGTAGAGATTAGGAAGAACACCCATGGCGAAAGCACGTTGCTGGGCTGTAACTGACACTGAGGGACGAAAGCCAGGGGAGCGAAAGGG"
"ASV_1722","Bacteria","Cyanobacteria","Cyanobacteriia","Leptolyngbyales","Leptolyngbyaceae","NA","ASV_1722","TACGGAGGAGGCAAGCGTTATCCGGAATTATTGGGCGTAAAGCGTCCGTAGGTGGCGATTCAAGTCTGCTGTTAAAGCGTGAGGCTTAACCTCATAAAGGCAGTGGAAACTGAATTGCTGGAGTGCAGCAGGGGCAACGGGAATTCCTAGTGTAGCGGTGAAATGCGTAGAGATTAGGAAGAACACCCATGGCGAAAGCACGTTGCTGGGCTGTTTCTGACACTGAGGGACGAAAGCCAGGGGAGCGAAAGGG"
"ASV_152","Bacteria","Cyanobacteria","Cyanobacteriia","Cyanobacteriales","Coleofasciculaceae","NA","ASV_152","TACGGAGGAGGCAAGCGTTATCCGGAATTATTGGGCGTAAAGCGTCCGTAGGTGGCTAGTCAAGTCTGCGGTCAAAGACTGGGGCTTAACCCTGGAAAGGCCGTGGAAACTGACGAGCTAGAGTGCAGTAGGGGTAGAGGGAATTCCCGGTGTAGCGGTGAAATGCGTAGAGCTCGGGAAGAACATCGGTGGCGAAAGCGCTCTACTGGACTGCAACTGACACTCAGGGACGAAAGCTAGGGGAGCGAATGGG"
"ASV_175","Bacteria","Cyanobacteria","Cyanobacteriia","Cyanobacteriales","Coleofasciculaceae","Microcoleus Es-Yyy1400","ASV_175","TACGGAGGAGGCAAGCGTTATCCGGAATTATTGGGCGTAAAGCGTCCGTAGGTGGCTTTCTCAAGTCTGCGGTTAAAGACTGGGGCTTAACTCCAGAAAGGCCGTGGAAACTGAAAGGCTAGAGAGCCGTAGGGGTAGAGGGAATTCCCGGTGTAGCGGTGAAATGCGTAGAGCTCGGGAAGAACATCGGTGGCGAAAGCGCTCTACTGGACGGTATCTGACACTGAGGGACGAAAGCTAGGGGAGCGAATGGG"
"ASV_984","Bacteria","Cyanobacteria","Cyanobacteriia","Leptolyngbyales","Leptolyngbyaceae","NA","ASV_984","TACGGAGGAGGCAAGCGTTATCCGGAATTATTGGGCGTAAAGCGTCCGTAGGTGGGTGAGGAAGTCTGCTGTCAAAGCGTGAGGCTTAACCTCATAAGGGCAGTGGAAACTCTTCGTCTAGAGTGCGACAGGGGCAAGGGGAATTCCTAGTGTAGCGGTGAAATGCGTAGAGATTAGGAAGAACACCGGTGGCGAAAGCGCCTTGCTGGGTCTGCACTGACACTGAGGGACGAAAGCTAGGGGAGCGAAAGGG"
"ASV_4061","Bacteria","Cyanobacteria","Cyanobacteriia","Leptolyngbyales","Leptolyngbyaceae","NA","ASV_4061","TACGGAGGAGGCAAGCGTTATCCGGAATTATTGGGCGTAAAGCGTCCGTAGGTGGTTAGCCAAGTCTGTTGTTAAAGAGTGAGGCTTAACCTCATAAGGGCAGTGGAAACTGGTTAACTTGAGTGCGGTAGGGGTAGAGGGAATTCCCAGTGTAGCGGTGAAATGCGTAGATATTGGGAAGAACACCGGTGGCGAAGGCGCTCTACTGGGCCTGCACTGACACTGAGGGACGAAAGCTAGGGGAGCGAAAGGG"
"ASV_118","Bacteria","Cyanobacteria","Cyanobacteriia","Cyanobacteriales","NA","NA","ASV_118","TACGGAGGAGGCAAGCGTTATCCGGAATTATTGGGCGTAAAGCGTCCGTAGGTGGTTATGTAAGTCTGCTGTCAAAGCACAGGGCTTAACCCTGTAAAGGCAGTGGAAACTACAAGACTCGAGTGCGGTAGGGGCAGAGGGAATTCCCAGTGTAGCGGTGAAATGCGTAGAGATTGGGAAGAACACCTGTGGCGAAAGCGCTCTGCTGGACCGCAACTGACACTCAGGGACGAAAGCTAGGGGAGCGAATGGG"
"ASV_215","Bacteria","Cyanobacteria","Cyanobacteriia","Cyanobacteriales","NA","NA","ASV_215","TACGGAGGAGGCAAGCGTTATCCGGAATTATTGGGCGTAAAGCGTCCGTAGGTGGTTTTGCAAGTCGGCTGTCAAAGCCCGTGGCTCAACCACGGAAAGGCAGTGGAAACTACAAAACTGGAGTGCAGTAGGGGCAGAGGGAATTCCCAGTGTAGCGGTGAAATGCGTAGAGATTGGGAAGAACACCCGTGGCGAAAGCGCTCTGCTGGACTGCAACTGACACTAAGGGACGAAAGCTAGGGGAGCGAATGGG"
"ASV_694","Bacteria","Cyanobacteria","Cyanobacteriia","Cyanobacteriales","NA","NA","ASV_694","TACGGAGGAGGCAAGCGTTATCCGGAATTATTGGGCGTAAAGCGTCCGTAGGTGGTTTTGCCAGTCTGCTGTCAAAGCACAGGGCTTAACCCTGTAAAGGCAGTGGAAACTACAAAACTGGAGTGCAGTAGGGGCAGAGGGAATTCCCAGAGTAGCGGTGAAATGCGTAGAGCTCGGGAAGAACATCGGTGGCGAAAGCGCTCTACTGGACTGCAACTGACACTCAGGGACGAAAGCTAGGGGAGCGAATGGG"
"ASV_280","Bacteria","Cyanobacteria","Cyanobacteriia","Cyanobacteriales","NA","NA","ASV_280","TACGGAGGAGGCAAGCGTTATCCGGAATTATTGGGCGTAAAGCGTCCGTAGGTGGTTTTGCCCGTCTGCTGTCAAAGCACAGGGCTTAACCCTGTAAAGGCAGTGGAAACTACAAAACTGGAGTGCAGTAGGGGCAGAGGGAATTCCCAGAGTAGCGGTGAAATGCGTAGATATTGGGAAGAACACCCGTGGCGAAAGCGCTCTGCTGGACTGCAACTGACATTGAGGGACGAAAGCTAGGGGAGCGAATGGG"
"ASV_403","Bacteria","Cyanobacteria","Cyanobacteriia","Cyanobacteriales","NA","NA","ASV_403","TACGGAGGAGGCAAGCGTTATCCGGAATTATTGGGCGTAAAGCGTCCGTAGGTGGTTTTGTAAGTCTGCTGTCAAAGCACAGGGCTTAACCCTGTAAAGGCAGTGGAAACTACAAAACTCGAGTGCTCTAGGGGCAGAGGGAATTCCCAGTGTAGCGGTGAAATGCGTAGAGATTGGGAAGAACACCCGTGGCGAAAGCGCTCTGCTGGAGAGCAACTGACATTGAGGGACGAAAGCTAGGGGAGCGAATGGG"
"ASV_2286","Bacteria","Cyanobacteria","Cyanobacteriia","Cyanobacteriales","NA","NA","ASV_2286","TACGGAGGAGGCAAGCGTTATCCGGAATTATTGGGCGTAAAGCGTCCGTAGGTGGTTTTGTCAGTCGGCTGTCAAAGCACAGGGCTTAACCCTGTAAAGGCAGTGGAAACTACAAAACTGGAGTGCAGTAGGGGCAGAGGGAATTCCCAGTGTAGCGGTGAAATGCGTAGAGATTGGGAAGAACACCCGTGGCGAAAGCGCTCTGCTGGACTGCAACTGACACTCAGGGACGAAAGCTAGGGGAGCGAATGGG"
"ASV_564","Bacteria","Cyanobacteria","Cyanobacteriia","Cyanobacteriales","NA","NA","ASV_564","TACGGAGGAGGCAAGCGTTATCCGGAATTATTGGGCGTAAAGCGTCCGTAGGTGGTTTTGTCAGTCTGCTGTCAAAGCCCGTGGCTCAACCACGGAAAGGCAGTGGAAACTACAAAACTGGAGTGCAGTAGGGGCAGAGGGAATTCCCAGAGTAGCGGTGAAATGCGTAGAGATTGGGAAGAACACCCGTGGCGAAAGCGCTCTGCTGGACTGCAACTGACACTAAGGGACGAAAGCTAGGGGAGCGAATGGG"
"ASV_3333","Bacteria","Cyanobacteria","Cyanobacteriia","Cyanobacteriales","Coleofasciculaceae","Microcoleus SAG 1449-1a","ASV_3333","TACGGAGGAGGCAAGCGTTATCCGGAATTATTGGGCGTAAAGCGTTCGTAGATGGTCGCTTCAAGTCTGCTGTCAAAGACCGGGGCTTAACCCCAGAAAGGCAGTGGAAACTGAACAGCTAGAGAGAGGTAGGGGTAGAGGGAATTCCCAGTGTAGCGGTGAAATGCGTAGATATTGGGAAGAACATCAGTGGCGAAAGCGCTCTACTAGACCTTATCTGACATTGAGGGACGAAAGCTAGGGGAGCGAATGGG"
"ASV_295","Bacteria","Cyanobacteria","Cyanobacteriia","Cyanobacteriales","Phormidiaceae","Trichocoleus SAG 26.92","ASV_295","TACGGAGGATGCAAGCGTTATCCGGAATAATTGGGCGTAAAGCGTCCGTAGGTGGCTGTTCAAGTCTGCCGTTAAAGACCGGGGCTTAACCCTGGAAAGGCGGTGGAAACTGAACGGCTAGAGTGCAGTAGGGGTAGAGGGAATTCCCAGTGTAGCGGTGAAATGCGTAGAGATTGGGAAGAACACCGGTGGCGAAAGCGCTCTGCTGGACTGCAACTGACACTGAGGGACGAAAGCTAGGGGAGCGAATGGG"
"ASV_309","Bacteria","Cyanobacteria","Cyanobacteriia","Cyanobacteriales","Phormidiaceae","Trichocoleus SAG 26.92","ASV_309","TACGGAGGATGCAAGCGTTATCCGGAATAATTGGGCGTAAAGCGTCCGTAGGTGGTCATTCAAGTCTGCCGTTAAAGAGTGGGGCTTAACCCCACAAAGGCGGTGGAAACTGAAAGACTAGAGTGCAGTAGGGGTAGAGGGAATTCCCGGTGTAGCGGTGAAATGCGTAGAGATCGGGAAGAACACCGGTGGCGAAAGCGCTCTGCTGGACTGCAACTGACACTGAGGGACGAAAGCTAGGGGAGCGAATGGG"
"ASV_1003","Bacteria","Cyanobacteria","Cyanobacteriia","Cyanobacteriales","Phormidiaceae","Trichocoleus SAG 26.92","ASV_1003","TACGGAGGATGCAAGCGTTATCCGGAATAATTGGGCGTAAAGCGTCCGTAGGTGGTTATTCAAGTCTGCCGTTAAAGAGTGGGGCTTAACCCCACAAAGGCGGTGGAAACTGAAAGACTAGAGTGCAGTAGGGGTAGAGGGAATTCCCGGTGTAGCGGTGAAATGCGTAGAGATCGGGAAGAACACCGGTGGCGAAAGCGCTCTGCTGGACTGCAACTGACACTGAGGGACGAAAGCTAGGGGAGCGAATGGG"
"ASV_1403","Bacteria","Cyanobacteria","Cyanobacteriia","Cyanobacteriales","NA","NA","ASV_1403","TACGGAGGATGCAAGCGTTATCCGGAATCATTGGGCGTAAAGCGTCCGCAGGTGGCACATCAAGTCTGCCGTCAAAGACCGTAGCTCAACTACGGAAAGGCGGTGGAAACTGAAGCGCTAGAGTGCAGTAGGGGTAGAGGGAATTCCCAGTGTAGCGGTGAAATGCGTAGAGATTGGGAAGAACACCGGTGGCGAAAGCGCTCTGCTGGACTGCAACTGACACTCATGGACGAAAGCTAGGGGAGCGAATGGG"
"ASV_401","Bacteria","Cyanobacteria","Cyanobacteriia","Cyanobacteriales","NA","NA","ASV_401","TACGGAGGATGCAAGCGTTATCCGGAATCATTGGGCGTAAAGCGTCCGCAGGTGGCTAATCAAGTCTGCCGTCAAAGACCGTAGCTCAACTACGGAAAGGCGGTGGAAACTGATAAGCTAGAGTGCAGTAGGGGTAGAGGGAATTCCCAGTGTAGCGGTGAAATGCGTAGAGATTGGGAAGAACACCGGTGGCGAAAGCGCTCTGCTGGACTGCAACTGACACTCATGGACGAAAGCTAGGGGAGCGAATGGG"
"ASV_1776","Bacteria","Cyanobacteria","Cyanobacteriia","Leptolyngbyales","Leptolyngbyaceae","Leptolyngbya PCC-6306","ASV_1776","TACGGAGGATGCAAGCGTTATCCGGAATCATTGGGCGTAAAGCGTCCGTAGGTGGCTTTATAAGTCTTTTGTCAAATCGTGCAGCTTAACTGCATACGGGCGGAGGAAACTATAGAGCTAGAGTGCGATAGGGGTTACAGGAATTCCCAGTGTAGCGGTGAAATGCGTAGATATTGGGAAGAACACCAGCGGCGAAAGCGTGTGACTGGGTCTGCACTGACACTGAGGGACGAAAGCTAGGGGAGCGAAAGGG"
"ASV_1371","Bacteria","Cyanobacteria","Cyanobacteriia","Cyanobacteriales","Chroococcidiopsaceae","Crinalium SAG 22.89","ASV_1371","TACGGAGGATGCAAGCGTTATCCGGAATGATTGGGCGTAAAGAGTCCGTAGGTGGTGATTCAAGTCGATTGTTAAAGAGCGAGGCTTAACCTCGTAAAAGCAGTGGAAACTGAATCGCTAGAGAGAGGTAGGGGTAGAGGGAATTCCCGGTGTAGCGGTGAAATGCGTAGAGATCGGGAAGAACACCAGTGGCGAAGGCGCTCTACTGGACCTCATCTGACACTGAGGGACGAAAGCTAGGGGAGCGAAAGGG"
"ASV_2235","Bacteria","Cyanobacteria","Cyanobacteriia","Cyanobacteriales","Chroococcidiopsaceae","Crinalium SAG 22.89","ASV_2235","TACGGAGGATGCAAGCGTTATCCGGAATGATTGGGCGTAAAGAGTCCGTAGGTGGTGATTCAAGTCGATTGTTAAAGAGCGGGGCTTAACCCCGTAGAAGCAGTGGAAACTGAATCACTAGAGAGAGGTAGGGGTAGAGGGAATTCCCGGTGTAGCGGTGAAATGCGTAGAGATCGGGAAGAACACCAGTGGCGAAAGCGCTCTACTGGACCTCATCTGACACTGAGGGACGAAAGCTAGGGGAGCGAAAGGG"
"ASV_1703","Bacteria","Cyanobacteria","Cyanobacteriia","Cyanobacteriales","Chroococcidiopsaceae","Crinalium SAG 22.89","ASV_1703","TACGGAGGATGCAAGCGTTATCCGGAATGATTGGGCGTAAAGAGTCCGTAGGTGGTTATTCAAGTCGATTGTTAAAGAGCAAAGCTTAACTTTGTAAAAGCAGTGGAAACTGAATAACTAGAGAGAGGTAGGGGTAGAGGGAATTCCCGGTGTAGCGGTGAAATGCGTAGAGATCGGGAAGAACACCAGTGGCGAAAGCGCTCTACTGGACCTCATCTGACACTGAGGGACGAAAGCTAGGGGAGCGAAAGGG"
"ASV_1086","Bacteria","Cyanobacteria","Cyanobacteriia","Cyanobacteriales","Chroococcidiopsaceae","Crinalium SAG 22.89","ASV_1086","TACGGAGGATGCAAGCGTTATCCGGAATGATTGGGCGTAAAGAGTCCGTAGGTGGTTATTCAAGTCGATTGTTAAAGAGCAAAGCTTAACTTTGTAGAAGCAGTGGAAACTGAATAACTAGAGAGAGGTAGGGGTAGAGGGAATTCCCGGTGTAGCGGTGAAATGCGTAGAGATCGGGAAGAACACCAGTGGCGAAAGCGCTCTACTGGACCTCATCTGACACTGAGGGACGAAAGCTAGGGGAGCGAAAGGG"
"ASV_526","Bacteria","Cyanobacteria","Cyanobacteriia","Cyanobacteriales","Chroococcidiopsaceae","Crinalium SAG 22.89","ASV_526","TACGGAGGATGCAAGCGTTATCCGGAATGATTGGGCGTAAAGAGTCCGTAGGTGGTTATTCAAGTCGATTGTTAAAGAGCGGGGCTTAACCCCGTAGAAGCAGTGGAAACTGAATAACTAGAGAGAGGTAGGGGTAGAGGGAATTCCCGGTGTAGCGGTGAAATGCGTAGAGATCGGGAAGAACACCAGTGGCGAAAGCGCTCTACTGGACCTCATCTGACACTGAGGGACGAAAGCTAGGGGAGCGAAAGGG"
"ASV_900","Bacteria","Cyanobacteria","Cyanobacteriia","Cyanobacteriales","Chroococcidiopsaceae","Crinalium SAG 22.89","ASV_900","TACGGAGGATGCAAGCGTTATCCGGAATGATTGGGCGTAAAGAGTCCGTAGGTGGTTATTCAAGTCGATTGTTAAAGAGCGGGGCTTAACCCCGTAGAAGCAGTGGAAACTGAATAACTAGAGAGAGGTAGGGGTAGAGGGAATTCCCGGTGTAGCGGTGAAATGCGTAGAGATCGGGAAGAACACCAGTGGCGAAAGCGCTCTACTGGGCCTCATCTGACACTGAGGGACGAAAGCTAGGGGAGCGAAAGGG"
"ASV_1137","Bacteria","Cyanobacteria","Cyanobacteriia","Cyanobacteriales","Chroococcidiopsaceae","Chroococcidiopsis SAG 2023","ASV_1137","TACGGAGGATGCAAGCGTTATCCGGAATGATTGGGCGTAAAGCGTCCGCAGGTGGCAACTCAAGTCTGCTGTCAAAGCCTGGGGCTTAACCCTAGAGAGGCAGTGGAAACTGAATAGCTAGAGTACGGTAGGGGTAGAGGGAATTCCCGGTGTAGCGGTGAAATGCGTAGAGATCGGGAAGAACACCAGTGGCGAAAGCGCTCTGCTAGGCCTGTACTGACACTCATGGACGAAAGCTAGGGGAGCGAATGGG"
"ASV_788","Bacteria","Cyanobacteria","Cyanobacteriia","Cyanobacteriales","Chroococcidiopsaceae","Aliterella","ASV_788","TACGGAGGATGCAAGCGTTATCCGGAATGATTGGGCGTAAAGCGTCCGCAGGTGGCAAGTCAAGTTTGCGGTTAAAGGTTCTGGCTCAACCAGAGACAGGCCGTGAAAACTGACTAGCTAGAGTATGGTAGGGGCAGAGGGAATTCCCAGTGTAGCGGTGAAATGCGTAGAGATTGGGAAGAACACCGGTGGCGAAAGCGCTCTGCTAGGCCAAAACTGACACTGAGGGACGAAAGCTAGGGGAGCGAATGGG"
"ASV_13","Bacteria","Cyanobacteria","Cyanobacteriia","Cyanobacteriales","Nostocaceae","Mastigocladopsis PCC-10914","ASV_13","TACGGAGGATGCAAGCGTTATCCGGAATGATTGGGCGTAAAGCGTCCGCAGGTGGCAATGTAAGTCTGCTGTCAAAGCGTCTGGCTCAACCAGATAAAGGCAGTGGAAACTACATAGCTAGAGTAAGGTAGGGGTAGAGGGAATTCCTGGTGTAGCGGTGAAATGCGTAGAGATCAGGAAGAACACCGGTGGCGAAAGCGCTCTGCTGGACCTTAACTGACACTGAGGGACGAAAGCTAGGGGAGCGAATGGG"
"ASV_2607","Bacteria","Cyanobacteria","Cyanobacteriia","Cyanobacteriales","Nostocaceae","Mastigocladopsis PCC-10914","ASV_2607","TACGGAGGATGCAAGCGTTATCCGGAATGATTGGGCGTAAAGCGTCCGCAGGTGGCAATGTAAGTCTGCTGTCAAAGCGTCTGGCTCAACCAGATAAAGGCAGTGGAAATTACATAGCTAGAGTAAGGTAGGGGTAGAGGGAATTCCTGGTGTAGCGGTGAAATGCGTAGAGATCAGGAAGAACACCGGTGGCGAAAGCGCTCTGCTGGACCTTAACTGACACTGAGGGACGAAAGCTAGGGGAGCGAATGGG"
"ASV_1239","Bacteria","Cyanobacteria","Cyanobacteriia","Cyanobacteriales","Nostocaceae","NA","ASV_1239","TACGGAGGATGCAAGCGTTATCCGGAATGATTGGGCGTAAAGCGTCCGCAGGTGGCAATGTAAGTCTGCTGTTAAAGAGTGAGGCTTAACCTCATAAAAGCAGTGGAAACTATATCGCTAGAGTGTGGTAGGGGCAGAGGGAATTAAGAGAGTAGCGGTGAAATGCGTAGATACTCTTAAGAACACCAGTGGCGAAAGCGCTCTGCTAGACCGCAACTGACACTCATGGACGAAAGCTAGGGGAGCAAATGGG"
"ASV_2144","Bacteria","Cyanobacteria","Cyanobacteriia","Cyanobacteriales","Nostocaceae","NA","ASV_2144","TACGGAGGATGCAAGCGTTATCCGGAATGATTGGGCGTAAAGCGTCCGCAGGTGGCAATGTAAGTCTGCTGTTAAAGAGTGAGGCTTAACCTCATAAAAGCAGTGGAAACTATATTGCTAGAGTGTGGTAGGGGCAGAGGGAATTAAGAGAGTAGCGGTGAAATGCGTAGATACTCTTAAGAACACCAGTGGCGAAAGCGCTCTGCTAGACCGCAACTGACACTAATGGACGAAAGCTAGGGGAGCAAATGGG"
"ASV_1034","Bacteria","Cyanobacteria","Cyanobacteriia","Cyanobacteriales","Nostocaceae","NA","ASV_1034","TACGGAGGATGCAAGCGTTATCCGGAATGATTGGGCGTAAAGCGTCCGCAGGTGGCAATGTAAGTCTGCTGTTAAAGAGTGAGGCTTAACCTCATAAAAGCGGTGGAAACTATATCGCTAGAGTGTGGTAGGGGCAGAGGGAATTAAGAGAGTAGCGGTGAAATGCGTAGATACTCTTAAGAACACCAGTGGCGAAAGCGCTCTGCTAGACCGCAACTGACACTCATGGACGAAAGCTAGGGGAGCAAATGGG"
"ASV_887","Bacteria","Cyanobacteria","Cyanobacteriia","Cyanobacteriales","Chroococcidiopsaceae","Chroococcidiopsis SAG 2023","ASV_887","TACGGAGGATGCAAGCGTTATCCGGAATGATTGGGCGTAAAGCGTCCGCAGGTGGCAATTCAAGTCGATTGTCAAAGCTCCCGGCTCAACTGGGAATAGGCAGTGGAAACTGAACAGCTAGAGTGCGGTAGGGGTAGAGGGAATTCCCGGTGTAGCGGTGAAATGCGTAGAGATCGGGAAGAACACCAGTGGCGAAAGCGCTCTACTAAGCCGCAACTGACACTCAGGGACGAAAGCTAGGGGAGCGAATGGG"
"ASV_1791","Bacteria","Cyanobacteria","Cyanobacteriia","Cyanobacteriales","Chroococcidiopsaceae","NA","ASV_1791","TACGGAGGATGCAAGCGTTATCCGGAATGATTGGGCGTAAAGCGTCCGCAGGTGGCAATTCAAGTCTGCTGTTAAAGGTCGGGGCTCAACCCCGAAATGGCGGTGGAAACTGAATAGCTAGAGTGCGGTGGGGGCAGAGGGAATTCCTGGTGTAGCGGTGAAATGCGTAGAGATCAGGAAGAACACCGGTGGCGAAAGCGCTCTGCTAGGCCGCAACTGACACTCATGGACGAAAGCTAGGGGAGCGAATGGG"
"ASV_4240","Bacteria","Cyanobacteria","Cyanobacteriia","Cyanobacteriales","Nostocaceae","NA","ASV_4240","TACGGAGGATGCAAGCGTTATCCGGAATGATTGGGCGTAAAGCGTCCGCAGGTGGCAATTTAAGTCTGCTGTTAAAGCATCTGGCTTAACCAGATAAAAGCAGTGGAAACTACATAGCTAGAGTGCGGTAGGGGCAGAGGGAATTAAGAGAGTAGCGGTGAAATGCGTAGATACTCTTAAGAACACCAATGGCGAAAGCGCTCTGCTAGGCCTGCACTGACACTAATGGACGAAAGCTAGGGGAGCGAATGGG"
"ASV_1832","Bacteria","Cyanobacteria","Cyanobacteriia","Cyanobacteriales","Nostocaceae","NA","ASV_1832","TACGGAGGATGCAAGCGTTATCCGGAATGATTGGGCGTAAAGCGTCCGCAGGTGGCAATTTAAGTCTGCTGTTAAAGCATCTGGCTTAACCAGATAAAAGCAGTGGAAACTAGAGAGCTAGAGTGCGGTAGGGGCAGAGGGAATTAAGAGAGTAGCGGTGAAATGCGTAGATACTCTTAAGAACACCAGTGGCGAAAGCGCTCTGCTAGGCCTGCACTGACACTAATGGACGAAAGCTAGGGGAGCAAATGGG"
"ASV_1057","Bacteria","Cyanobacteria","Cyanobacteriia","Cyanobacteriales","Nostocaceae","NA","ASV_1057","TACGGAGGATGCAAGCGTTATCCGGAATGATTGGGCGTAAAGCGTCCGCAGGTGGCAATTTAAGTCTGCTGTTAAAGCATCTGGCTTAACCAGATAAAAGCAGTGGAAACTAGATAGCTAGAGTGCGGTAGGGGCAGAGGGAATTAAGAGAGTAGCGGTGAAATGCGTAGATACTCTTAAGAACACCAGTGGCGAAAGCGCTCTGCTAGGCCTGCACTGACACTAATGGACGAAAGCTAGGGGAGCAAATGGG"
"ASV_983","Bacteria","Cyanobacteria","Cyanobacteriia","Cyanobacteriales","Nostocaceae","NA","ASV_983","TACGGAGGATGCAAGCGTTATCCGGAATGATTGGGCGTAAAGCGTCCGCAGGTGGCAATTTAAGTCTGCTGTTAAAGCATCTGGCTTAACCAGATAAAAGCAGTGGAAACTATATAGCTAGAGTGCGGTAGGGGCAGAGGGAATTAAGAGAGTAGCGGTGAAATGCGTAGATACTCTTAAGAACACCAGTGGCGAAAGCGCTCTGCTAGGCCTGCACTGACACTAATGGACGAAAGCTAGGGGAGCAAATGGG"
"ASV_2336","Bacteria","Cyanobacteria","Cyanobacteriia","Cyanobacteriales","Nostocaceae","Fischerella CENA298","ASV_2336","TACGGAGGATGCAAGCGTTATCCGGAATGATTGGGCGTAAAGCGTCCGCAGGTGGCAATTTAAGTCTGCTGTTAAAGCATCTGGCTTAACCAGATAAAAGCAGTGGAAACTATATAGCTAGAGTGCGGTAGGGGCAGAGGGAATTAAGAGAGTAGCGGTGAAATGCGTAGATACTCTTAAGAACACCAGTGGCGAAAGCGCTCTGCTGGTCCTGCACTGACACTAATGGACGAAAGCTAGGGGAGCAAATGGG"
"ASV_719","Bacteria","Cyanobacteria","Cyanobacteriia","Cyanobacteriales","Nostocaceae","NA","ASV_719","TACGGAGGATGCAAGCGTTATCCGGAATGATTGGGCGTAAAGCGTCCGCAGGTGGCAATTTAAGTCTGCTGTTAAAGCGTCTGGCTTAACCAGATAAAAGCAGTGGAAACTACTTTGCTAGAGTGCGGTAGGGGCAGAGGGAATTAAGAGAGTAGCGGTGAAATGCGTAGATACTCTTAAGAACACCAGTGGCGAAAGCGCTCTGCTAGACCGCAACTGACACTCATGGACGAAAGCTAGGGGAGCAAATGGG"
"ASV_2148","Bacteria","Cyanobacteria","Cyanobacteriia","Cyanobacteriales","Nostocaceae","Fischerella CENA298","ASV_2148","TACGGAGGATGCAAGCGTTATCCGGAATGATTGGGCGTAAAGCGTCCGCAGGTGGCAATTTAAGTCTGCTGTTAAAGCGTCTGGCTTAACCAGATAAAAGCAGTGGAAACTACTTTGCTAGAGTGTGGTAGGGGCAGAGGGAATTAAGAGAGTAGCGGTGAAATGCGTAGATACTCTTAAGAACACCAGTGGCGAAAGCGCTCTGCTAGACCGCAACTGACACTCATGGACGAAAGCTAGGGGAGCAAATGGG"
"ASV_298","Bacteria","Cyanobacteria","Cyanobacteriia","Cyanobacteriales","Chroococcidiopsaceae","NA","ASV_298","TACGGAGGATGCAAGCGTTATCCGGAATGATTGGGCGTAAAGCGTCCGCAGGTGGCAGTGTAAGTCTGCTGTCAAAGGTCAGGGCTCAACCCTGAACAGGCAGTGGAAACTACACAGCTAGAGTGCGGTGGGGGCAGAGGGAATTCCCAGTGTAGCGGTGAAATGCGTAGAGATTGGGAAGAACACCGGTGGCGAAAGCGCTCTGCTAGGCCGCAACTGACACTCATGGACGAAAGCTAGGGGAGCGAATGGG"
"ASV_2031","Bacteria","Cyanobacteria","Cyanobacteriia","Cyanobacteriales","Chroococcidiopsaceae","NA","ASV_2031","TACGGAGGATGCAAGCGTTATCCGGAATGATTGGGCGTAAAGCGTCCGCAGGTGGCAGTGTAAGTCTGCTGTCAAAGGTCAGGGCTTAACCCTGAACAGGCAGTGGAAACTACACAGCTAGAGTGCGGTGGGGGCAGAGGGAATTCCCAGTGTAGCGGTGAAATGCGTAGAGATTGGGAAGAACACCGGTGGCGAAAGCGCTCTGCTAGGCCGCAACTGACACTCATGGACGAAAGCTAGGGGAGCGAATGGG"
"ASV_5011","Bacteria","Cyanobacteria","Cyanobacteriia","Cyanobacteriales","Chroococcidiopsaceae","NA","ASV_5011","TACGGAGGATGCAAGCGTTATCCGGAATGATTGGGCGTAAAGCGTCCGCAGGTGGCAGTTCAAGTCTGCTGTTAAAGACTGGGGCTTAACCCTGGAAAGGCAGTGGAAACTGAACAGCTAGAGTGCGGTAGGGGCAGAGGGAATTCCTGGTGTAGCGGTGAAATGCGTAGAGATCAGGAAGAACACCGGTGGCGAAGGCGCTCTGCTAGGCCGCAACTGACACTCAGGGACGAAAGCTAGGGGAGCGAATGGG"
"ASV_3496","Bacteria","Cyanobacteria","Cyanobacteriia","Cyanobacteriales","NA","NA","ASV_3496","TACGGAGGATGCAAGCGTTATCCGGAATGATTGGGCGTAAAGCGTCCGCAGGTGGCATTTCAAGTCGATTGTCAAATTCCAGGGCTTAACCCTGGGCAGGCAGTGGAAACTGAAGAGCTAGAGTGTGGTAGGGGCAGAGGGAATTCCCAGTGTAGCGGTGAAATGCGTAGAGATTGGGAAGAACACCGGTGGCGAAAGCGCTCTGCTAGGCCGCAACTGACACTGAGGGACGAAAGCTAGGGGAGCGAATGGG"
"ASV_2082","Bacteria","Cyanobacteria","Cyanobacteriia","Cyanobacteriales","Nostocaceae","Anabaena PCC-7122","ASV_2082","TACGGAGGATGCAAGCGTTATCCGGAATGATTGGGCGTAAAGCGTCCGCAGGTGGCCATGTAAGTCTGCTGTTAAAGAGTCATGCTCAACATGATAAAAGCAGTGGAAACTACATAGCTAGAGTACGTTCGGGGCAGAGGGAATTCCTGGTGTAGCGGTGAAATGCGTAGATATCAGGAAGAACACCGGTGGCGAAAGCGCTCTGCTAGGCCGTAACTGACACTGAGGGACGAAAGCTAGGGGAGCGAATGGG"
"ASV_3278","Bacteria","Cyanobacteria","Cyanobacteriia","Cyanobacteriales","Nostocaceae","Scytonema UTEX 2349","ASV_3278","TACGGAGGATGCAAGCGTTATCCGGAATGATTGGGCGTAAAGCGTCCGCAGGTGGCGATGTAAGTCTGCTGTTAAAGAATCTGGCTCAACCAGATAAAGGCAGTGGAAACTACATGGCTAGAGTGCGTTCGGGGCAGAGGGAATTCCTGGTGTAGCGGTGAAATGCGTAGAGATCAGGAAGAACACCGGTGGCGAAAGCGCTCTGCTAGGCCGCAACTGACACTGAGGGACGAAAGCTAGGGGAGCGAATGGG"
"ASV_1117","Bacteria","Cyanobacteria","Cyanobacteriia","Cyanobacteriales","Nostocaceae","Nostoc PCC-73102","ASV_1117","TACGGAGGATGCAAGCGTTATCCGGAATGATTGGGCGTAAAGCGTCCGCAGGTGGCGATGTAAGTCTGCTGTTAAAGAGTCTAGCTCAACTAGATAAGAGCAGTGGAAACTACATAGCTAGAGTACGTTCGGGGCAGAGGGAATTCCTGGTGTAGCGGTGAAATGCGTAGAGATCAGGAAGAACACCAGTGGCGAAGGCGCTCTGCTAGGCCGTAACTGACACTGAGGGACGAAAGCTAGGGGAGCGAATGGG"
"ASV_165","Bacteria","Cyanobacteria","Cyanobacteriia","Cyanobacteriales","Nostocaceae","Nostoc PCC-73102","ASV_165","TACGGAGGATGCAAGCGTTATCCGGAATGATTGGGCGTAAAGCGTCCGCAGGTGGCGATGTAAGTCTGCTGTTAAAGAGTGAGGCTCAACCTCATAAGAGCAGTGGAAACTACATAGCTAGAGTACGTTCGGGGCAGAGGGAATTCCTGGTGTAGCGGTGAAATGCGTAGAGATCAGGAAGAACACCAGTGGCGAAGGCGCTCTGCTAGGCCGTAACTGACACTGAGGGACGAAAGCTAGGGGAGCGAATGGG"
"ASV_784","Bacteria","Cyanobacteria","Cyanobacteriia","Cyanobacteriales","Nostocaceae","Nostoc PCC-73102","ASV_784","TACGGAGGATGCAAGCGTTATCCGGAATGATTGGGCGTAAAGCGTCCGCAGGTGGCTATGTAAGTCTGCTGTTAAAGAATCTAGCTTAACTAGATAAGAGCAGTGGAAACTACAAGGCTAGAGTACGTTCGGGGCAGAGGGAATTCCTGGTGTAGCGGTGAAATGCGTAGAGATCAGGAAGAACACCGGTGGCGAAGGCGCTCTGCTAGGCCGTAACTGACACTGAGGGACGAAAGCTAGGGGAGCGAATGGG"
"ASV_1404","Bacteria","Cyanobacteria","Cyanobacteriia","Cyanobacteriales","Nostocaceae","Nostoc PCC-73102","ASV_1404","TACGGAGGATGCAAGCGTTATCCGGAATGATTGGGCGTAAAGCGTCCGCAGGTGGCTATGTAAGTCTGCTGTTAAAGAGTCTAGCTCAACTAGATAAGAGCAGTGGAAACTACAAGGCTAGAGTACGTTCGGGGCAGAGGGAATTCCTGGTGTAGCGGTGAAATGCGTAGAGATCAGGAAGAACACCGGTGGCGAAGGCGCTCTGCTAGGCCGTAACTGACACTGAGGGACGAAAGCTAGGGGAGCGAATGGG"
"ASV_1350","Bacteria","Cyanobacteria","Cyanobacteriia","Cyanobacteriales","Nostocaceae","Nostoc PCC-73102","ASV_1350","TACGGAGGATGCAAGCGTTATCCGGAATGATTGGGCGTAAAGCGTCCGCAGGTGGCTATGTAAGTCTGCTGTTAAAGAGTCTAGCTCAACTAGATAAGAGCAGTGGAAACTACATGGCTAGAGTGCGTTCGGGGCAGAGGGAATTCCTGGTGTAGCGGTGAAATGCGTAGAGATCAGGAAGAACACCGGTGGCGAAGGCGCTCTGCTAGGCCGCAACTGACACTGAGGGACGAAAGCTAGGGGAGCGAATGGG"
"ASV_99","Bacteria","Cyanobacteria","Cyanobacteriia","Cyanobacteriales","Nostocaceae","Scytonema UTEX 2349","ASV_99","TACGGAGGATGCAAGCGTTATCCGGAATGATTGGGCGTAAAGCGTCCGCAGGTGGCTATGTAAGTCTGCTGTTAAAGAGTCTGGCTCAACCAGATAAAGGCAGTGGAAACTACATGGCTAGAGTGCGTTCGGGGCAGAGGGAATTCCTGGTGTAGCGGTGAAATGCGTAGAGATCAGGAAGAACACCGGTGGCGAAAGCGCTCTGCTAGGCCGCAACTGACACTGAGGGACGAAAGCTAGGGGAGCGAATGGG"
"ASV_1430","Bacteria","Cyanobacteria","Cyanobacteriia","Cyanobacteriales","Nostocaceae","Tolypothrix","ASV_1430","TACGGAGGATGCAAGCGTTATCCGGAATGATTGGGCGTAAAGCGTCCGCAGGTGGCTATGTAAGTCTGCTGTTAAAGAGTGAGGCTCAACCTCATAAGAGCAGTGGAAACTACATGGCTAGAGTGCGTTCGGGGTAGAGGGAATTCCTGGTGTAGCGGTGAAATGCGTAGATATCAGGAAGAACACCGGTGGCGAAAGCGCTCTGCTAGGCCGCAACTGACACTGAGGGACGAAAGCTAGGGGAGCGAATGGG"
"ASV_2774","Bacteria","Cyanobacteria","Cyanobacteriia","Cyanobacteriales","Nostocaceae","Tolypothrix","ASV_2774","TACGGAGGATGCAAGCGTTATCCGGAATGATTGGGCGTAAAGCGTCCGCAGGTGGCTATGTAAGTCTGCTGTTAAAGAGTGAGGCTCAACCTCATAAGAGCAGTGGAAACTACATTGGCTAGAGTACGTTCGGGGCAGAGGGAATTCCTGGTGTAGCGGTGAAATGCGTAGAGATCAGGAAGAACACCGGTGGCGAAAGCGCTCTGCTAGGCCGTAACTGACACTGAGGGACGAAAGCTAGGGGAGCGAATGGG"
"ASV_3057","Bacteria","Cyanobacteria","Cyanobacteriia","Cyanobacteriales","Nostocaceae","NA","ASV_3057","TACGGAGGATGCAAGCGTTATCCGGAATGATTGGGCGTAAAGCGTCCGCAGGTGGCTATGTAAGTCTGCTGTTAAAGAGTGAGGCTTAACCTCATAAAAGCGGTGGAAACTATATCGCTAGAGTGTGGTAGGGGCAGAGGGAATTAAGAGAGTAGCGGTGAAATGCGTAGATACTCTTAAGAACACCAGTGGCGAAAGCGCTCTGCTAGACCGCAACTGACACTCATGGACGAAAGCTAGGGGAGCAAATGGG"
"ASV_2429","Bacteria","Cyanobacteria","Cyanobacteriia","Cyanobacteriales","Chroococcidiopsaceae","NA","ASV_2429","TACGGAGGATGCAAGCGTTATCCGGAATGATTGGGCGTAAAGCGTCCGCAGGTGGCTCGTCAAGTCGATTGTCAAAGGTCTTGGCTCAACCAAGAACAGGCAGTGGAAACTGAAGGGCTAGAGTGCGGTAGGGGCAGAGGGAATTCCCGGTGTAGCGGTGAAATGCGTAGAGATCGGGAAGAACACCAGTGGCGAAAGCGCTCTGCTAGACCAGAACTGACACTGAGGGACGAAAGCTAGGGGAGCGAATGGG"
"ASV_4885","Bacteria","Cyanobacteria","Cyanobacteriia","Cyanobacteriales","Nostocaceae","Desmonostoc PCC-7422","ASV_4885","TACGGAGGATGCAAGCGTTATCCGGAATGATTGGGCGTAAAGCGTCCGCAGGTGGCTGTGTAAGTCTGCTGTCAAAGAGCGAAGCTCAACTTCGTAAAGGCAGTGGAAACTACACGGCTAGAGTGCGTTCGGGGCAGAGGGAATTCCTGGTGTAGCGGTGAAATGCGTAGAGATCAGGAAGAACACCGGTGGCGAAGGCGCTCTGCTAGGCCGCAACTGACACTGAGGGACGAAAGCTAGGGGAGCGAATGGG"
"ASV_1666","Bacteria","Cyanobacteria","Cyanobacteriia","Cyanobacteriales","Nostocaceae","NA","ASV_1666","TACGGAGGATGCAAGCGTTATCCGGAATGATTGGGCGTAAAGCGTCCGCAGGTGGCTGTGTAAGTCTGCTGTTAAAGAGCAAAGCTCAACTTTGTAAGAGCAGTGGAAACTACACGGCTAGAGTGCGTTCGGGGCAGAGGGAATTCCTGGTGTAGCGGTGAAATGCGTAGAGATCAGGAAGAACACCGGTGGCGAAGGCGCTCTGCTAGGCCGCAACTGACACTGAGGGACGAAAGCTAGGGGAGCGAATGGG"
"ASV_1819","Bacteria","Cyanobacteria","Cyanobacteriia","Cyanobacteriales","Nostocaceae","Nostoc PCC-73102","ASV_1819","TACGGAGGATGCAAGCGTTATCCGGAATGATTGGGCGTAAAGCGTCCGCAGGTGGCTGTGTAAGTCTGCTGTTAAAGAGTCTAGCTCAACTAGATAAAAGCAGTGGAAACTACACGGCTAGAGTACGTTCGGGGCAGAGGGAATTCCTGGTGTAGCGGTGAAATGCGTAGAGATCAGGAAGAACACCAGTGGCGAAGGCGCTCTGCTAGGCCGTAACTGACACTGAGGGACGAAAGCTAGGGGAGCGAATGGG"
"ASV_1228","Bacteria","Cyanobacteria","Cyanobacteriia","Cyanobacteriales","Nostocaceae","Nostoc PCC-73102","ASV_1228","TACGGAGGATGCAAGCGTTATCCGGAATGATTGGGCGTAAAGCGTCCGCAGGTGGCTGTGTAAGTCTGCTGTTAAAGAGTCTAGCTCAACTAGATAAGAGCAGTGGAAACTACACGGCTAGAGTACGTTCGGGGCAGAGGGAATTCCTGGTGTAGCGGTGAAATGCGTAGAGATCAGGAAGAACACCAGTGGCGAAGGCGCTCTGCTAGGCCGTAACTGACACTGAGGGACGAAAGCTAGGGGAGCGAATGGG"
"ASV_3354","Bacteria","Cyanobacteria","Cyanobacteriia","Cyanobacteriales","Nostocaceae","Nostoc PCC-73102","ASV_3354","TACGGAGGATGCAAGCGTTATCCGGAATGATTGGGCGTAAAGCGTCCGCAGGTGGCTGTGTAAGTCTGCTGTTAAAGAGTCTAGCTCAACTAGATAAGAGCAGTGGAAACTACACGGCTAGAGTACGTTCGGGGCAGAGGGAATTCCTGGTGTAGCGGTGAAATGCGTAGAGATCAGGAAGAACACCGGTGGCGAAGGCGCTCTGCTAGGCCGTAACTGACACTGAGGGACGAAAGCTAGGGGAGCGAATGGG"
"ASV_730","Bacteria","Cyanobacteria","Cyanobacteriia","Cyanobacteriales","Nostocaceae","Nostoc PCC-73102","ASV_730","TACGGAGGATGCAAGCGTTATCCGGAATGATTGGGCGTAAAGCGTCCGCAGGTGGCTGTGTAAGTCTGCTGTTAAAGAGTCTAGCTCAACTAGATACAAGCAGTGGAAACTACACGGCTAGAGTACGTTCGGGGCAGAGGGAATTCCTGGTGTAGCGGTGAAATGCGTAGAGATCAGGAAGAACACCAGTGGCGAAGGCGCTCTGCTAGGCCGTAACTGACACTGAGGGACGAAAGCTAGGGGAGCGAATGGG"
"ASV_2124","Bacteria","Cyanobacteria","Cyanobacteriia","Cyanobacteriales","Nostocaceae","Tolypothrix","ASV_2124","TACGGAGGATGCAAGCGTTATCCGGAATGATTGGGCGTAAAGCGTCCGCAGGTGGCTGTGTAAGTCTGCTGTTAAAGAGTGAGGCTCAACCTCATAAGAGCAGTGGAAACTACACGGCTAGAGTGCGTTCGGGGCAGAGGGAATTCCTGGTGTAGCGGTGAAATGCGTAGAGATCAGGAAGAACACCGGTGGCGAAAGCGCTCTGCTAGGCCGCAACTGACACTGAGGGACGAAAGCTAGGGGAGCGAATGGG"
"ASV_489","Bacteria","Cyanobacteria","Cyanobacteriia","Cyanobacteriales","Chroococcidiopsaceae","Chroococcidiopsis SAG 2023","ASV_489","TACGGAGGATGCAAGCGTTATCCGGAATGATTGGGCGTAAAGCGTCCGCAGGTGGCTTATCAAGTCGATTGTCAAAGGTCCTGGCTCAACTGGGAACAGGCAGTGGAAACTGAAAAGCTAGAGTGCGGTAGGGGTAGAGGGAATTCCCGGTGTAGCGGTGAAATGCGTAGAGATCGGGAAGAACACCAGTGGCGAAAGCGCTCTACTAGGCCTGCACTGACACTCATGGACGAAAGCTAGGGGAGCGAATGGG"
"ASV_1852","Bacteria","Cyanobacteria","Cyanobacteriia","Cyanobacteriales","Chroococcidiopsaceae","Chroococcidiopsis SAG 2023","ASV_1852","TACGGAGGATGCAAGCGTTATCCGGAATGATTGGGCGTAAAGCGTCCGCAGGTGGCTTATCAAGTCGATTGTCAAAGGTCCTGGCTCAACTGGGAACAGGCAGTGGAAACTGAAAAGCTAGAGTGCGGTAGGGGTAGAGGGAATTCCCGGTGTAGCGGTGAAATGCGTAGATATCGGGAAGAACACCAGTGGCGAAAGCGCTCTACTAGGCCTGCACTGACACTCATGGACGAAAGCTAGGGGAGCGAATGGG"
"ASV_177","Bacteria","Cyanobacteria","Cyanobacteriia","Cyanobacteriales","Chroococcidiopsaceae","Chroococcidiopsis SAG 2023","ASV_177","TACGGAGGATGCAAGCGTTATCCGGAATGATTGGGCGTAAAGCGTCCGCAGGTGGCTTATCAAGTCGATTGTCAAAGGTCCTGGCTCAACTGGGAAGAGGCAGTGGAAACTGAAAAGCTAGAGTGCGGTAGGGGTAGAGGGAATTCCCGGTGTAGCGGTGAAATGCGTAGAGATCGGGAAGAACACCAGTGGCGAAAGCGCTCTACTAGACCTGCACTGACACTCAGGGACGAAAGCTAGGGGAGCGAATGGG"
"ASV_607","Bacteria","Cyanobacteria","Cyanobacteriia","Cyanobacteriales","Chroococcidiopsaceae","Chroococcidiopsis SAG 2023","ASV_607","TACGGAGGATGCAAGCGTTATCCGGAATGATTGGGCGTAAAGCGTCCGCAGGTGGCTTATCAAGTCGATTGTCAAAGGTCCTGGCTCAACTGGGAAGAGGCAGTGGAAACTGAAAAGCTAGAGTGCGGTAGGGGTAGAGGGAATTCCCGGTGTAGCGGTGAAATGCGTAGAGATCGGGAAGAACACCAGTGGCGAAAGCGCTCTACTAGGCCTGCACTGACACTCATGGACGAAAGCTAGGGGAGCGAATGGG"
"ASV_924","Bacteria","Cyanobacteria","Cyanobacteriia","Cyanobacteriales","Chroococcidiopsaceae","Chroococcidiopsis SAG 2023","ASV_924","TACGGAGGATGCAAGCGTTATCCGGAATGATTGGGCGTAAAGCGTCCGCAGGTGGCTTATCAAGTCGATTGTCAAAGGTCCTGGCTCAACTGGGAAGAGGCAGTGGAAACTGAAAAGCTAGAGTGCGGTAGGGGTAGAGGGAATTCCCGGTGTAGCGGTGAAATGCGTAGATATCGGGAAGAACACCAGTGGCGAAAGCGCTCTACTAGGCCTGCACTGACACTCATGGACGAAAGCTAGGGGAGCGAATGGG"
"ASV_36","Bacteria","Cyanobacteria","Cyanobacteriia","Cyanobacteriales","NA","NA","ASV_36","TACGGAGGATGCAAGCGTTATCCGGAATGATTGGGCGTAAAGCGTCCGCAGGTGGCTTTGCAAGTCTGCTGTCAAAGCTCAGGGCTTAACCCTGAATCGGCGGTGGAAACTGAAAGGCTAGAGTGCGGTAGGGGCAGAGGGAATTCCCAGTGTAGCGGTGAAATGCGTAGAGATTGGGAAGAACACCAGTGGCGAAAGCGCTCTGCTAGACCGCAACTGACACTCATGGACGAAAGCTAGGGGAGCGAATGGG"
"ASV_443","Bacteria","Cyanobacteria","Cyanobacteriia","Cyanobacteriales","NA","NA","ASV_443","TACGGAGGATGCAAGCGTTATCCGGAATGATTGGGCGTAAAGCGTCCGCAGGTGGCTTTGCAAGTCTGCTGTCAAAGCTCAGGGCTTAACCCTGAATCGGCGGTGGAAACTGAAAGGCTAGAGTGTGGTAGGGGCAGAGGGAATTCCCAGTGTAGCGGTGAAATGCGTAGAGATTGGGAAGAACACCAGTGGCGAAAGCGCTCTGCTAGACCGCAACTGACACTCATGGACGAAAGCTAGGGGAGCGAATGGG"
"ASV_3661","Bacteria","Cyanobacteria","Cyanobacteriia","Cyanobacteriales","NA","NA","ASV_3661","TACGGAGGATGCAAGCGTTATCCGGAATGATTGGGCGTAAAGCGTCCGCAGGTGGCTTTGCAAGTCTGCTGTCAAAGCTCAGGGCTTAACCCTGAATCGGCGGTGGAAACTGAAAGGCTAGAGTGTGGTAGGGGCAGAGGGAATTCCCAGTGTAGCGGTGAAATGCGTAGAGATTGGGAAGAACACCAGTGGCGAAAGCGCTCTGCTAGGCCGCAACTGACACTCATGGACGAAAGCTAGGGGAGCGAATGGG"
"ASV_3573","Bacteria","Cyanobacteria","Cyanobacteriia","Cyanobacteriales","NA","NA","ASV_3573","TACGGAGGATGCAAGCGTTATCCGGAATGATTGGGCGTAAAGCGTCCGCAGGTGGCTTTGCAAGTCTGCTGTCAAATCTCAGGGCTTAACCCTGAATCGGCGGTGGAAACTGAAAGGCTAGAGTGTGGTAGGGGCAGAGGGAATTCCCAGTGTAGCGGTGAAATGCGTAGAGATTGGGAAGAACACCAGTGGCGAAAGCGCTCTGCTAGACCGCAACTGACACTCATGGACGAAAGCTAGGGGAGCGAATGGG"
"ASV_759","Bacteria","Cyanobacteria","Cyanobacteriia","Cyanobacteriales","NA","NA","ASV_759","TACGGAGGATGCAAGCGTTATCCGGAATGATTGGGCGTAAAGCGTCCGCAGGTGGTTTAGCAAGTCTGCTGTTAAAGCTCAGGGCTCAACTCTGAAAGAGCAGTGGAAACTACTAGACTCGAGTGCAGTAGGGGCAGAGGGAATTCCCAGTGTAGCGGTGAAATGCGTAGAGATTGGGAAGAACACCCGTGGCGAAAGCGCTCTGCTGGACTGCAACTGACACTCATGGACGAAAGCTAGGGGAGCGAATGGG"
"ASV_5057","Bacteria","Cyanobacteria","Cyanobacteriia","Leptolyngbyales","Leptolyngbyaceae","Chamaesiphon PCC-7430","ASV_5057","TACGGAGGATGCAAGCGTTATCCGGAATGATTGGGCGTAAAGCGTCCGTAGGTGGTTATGTAAGTCTGTGGTTAAAGCGTGGGGCTCAACCCCATAACGGCCATGGAAACTACAAGACTTGAGTGAAGTAGGGGTAGAGGGAATTCCCAGTGTAGCGGTGAAATGCGTAGAGATTGGGAAGAACACCGGTGGCGAAAGCGCTCTACTGGACTTAAACTGACACTGAGGGACGAAAGCTAGGGGAGCGAAAGGG"
"ASV_1243","Bacteria","Cyanobacteria","Cyanobacteriia","Cyanobacteriales","NA","NA","ASV_1243","TACGGAGGATGCAAGCGTTATCCGGAATGATTGGGCGTAAAGCGTCTGTAGGTGGCATTTCAAGTCTGCTGTCAAAGATTGGGGCTCAACTCCGAAAAGGCAGTGGAAACTGAAAAGCTAGAGACCGGTAGGGGTAGAGGGAATTCCCAGTGTAGCGGTGAAATGCGTAGAGATTGGGAAGAACACCAGTGGCGAAAGCGCTCTGCTGGACCGGAACTGACACTGATGGACGAAAGCTAGGGGAGCGAATGGG"
"ASV_3448","Bacteria","Cyanobacteria","Cyanobacteriia","Cyanobacteriales","Chroococcidiopsaceae","Chlorogloea SAG 10.99","ASV_3448","TACGGAGGATGCAAGCGTTATCCGGAATGATTGGGCGTAAAGCGTCTGTAGGTGGTTAGGCAAGTCTGCTGTCAAAGCTCGGGGCTTAACTCCGAATCGGCGGTGGAAACTGCGTGACTTGAGTACGGTAGGGGTAGAGGGAATTCCCGGTGTAGCGGTGAAATGCGTAGATATCGGGAAGAACACCGGCGGCGAAGGCGCTCTACTGGGCCGTAACTGACACTGAGGGACGAAAGCTAGGGGAGCGAAAGGG"
"ASV_766","Bacteria","Cyanobacteria","Cyanobacteriia","Cyanobacteriales","Chroococcidiopsaceae","NA","ASV_766","TACGGAGGATGCAAGCGTTATCCGGAATGATTGGGCGTAAAGCGTTCGTAGGTGGTCCTTCAAGTCTGCTGTCAAAGCGCAGGGCTTAACTCTGTAAAGGCGGTGGAAACTGAAGAGCTAGAGTGCGGTAGGGGTAGAGGGAATTCCCGGTGTAGCGGTGAAATGCGTAGAGATCGGGAAGAACACCAGCAGCGAAAGCGCTCTACTGGGCCTGCACTGACACTGAGGGACGAAAGCTAGGGGAGCGAATGGG"
"ASV_2203","Bacteria","Cyanobacteria","Cyanobacteriia","Cyanobacteriales","NA","NA","ASV_2203","TACGGAGGATGCAAGCGTTATCCGGAATGATTGGGCGTAAAGCGTTCGTAGGTGGTTCTTCAAGTCTGCTGTCAAAGCGCAGGGCTTAACTCTGTAAAGGCGGTGGAAACTGAAGAGCTAGAGTGCGGTAGGGGTAGAGGGAATTCCCGGTGTAGCGGTGAAATGCGTAGAGATCGGGAAGAACACCAGCAGCGAAAGCGCTCTACTGGGCCTGCACTGACACTGAGGGACGAAAGCTAGGGGAGCGAATGGG"
"ASV_1527","Bacteria","Cyanobacteria","Cyanobacteriia","Cyanobacteriales","Nostocaceae","Nostoc PCC-73102","ASV_1527","TACGGAGGATGCAAGCGTTATCCGGAATGATTGGGCGTAAAGGGTCCGCAGGTGGCGATGTAAGTCTGCTGTTAAAGAGTCTAGCTCAACTAGATAAGAGCAGTGGAAACTACATAGCTAGAGTACGTTCGGGGCAGAGGGAATTCCTGGTGTAGCGGTGAAATGCGTAGAGATCAGGAAGAACACCAGTGGCGAAGGCGCTCTGCTAGGCCGTAACTGACACTGAGGGACGAAAGCTAGGGGAGCGAATGGG"
"ASV_142","Bacteria","Cyanobacteria","Cyanobacteriia","Cyanobacteriales","Nostocaceae","Nodularia PCC-9350","ASV_142","TACGGAGGATGCAAGCGTTATCCGGAATGATTGGGCGTAAAGGGTCCGCAGGTGGCTATGTAAGTCTGCTGTTAAAGAACCTAGCTTAACTAGGTAAAAGCAGTGGAAACTACAAGGCTAGAGTGCGTTCGGGGTAGAGGGAATTCCTGGTGTAGCGGTGAAATGCGTAGATATCAGGAAGAACACCAGTGGCGAAGGCGCTCTACTAGGCCGCAACTGACACTGAGGGACGAAAGCTAGGGGAGCGAATGGG"
"ASV_1857","Bacteria","Cyanobacteria","Cyanobacteriia","Cyanobacteriales","Nostocaceae","Nodularia PCC-9350","ASV_1857","TACGGAGGATGCAAGCGTTATCCGGAATGATTGGGCGTAAAGGGTCCGCAGGTGGCTATGTAAGTCTGCTGTTAAAGAACCTAGCTTAACTAGGTAAAAGCAGTGGAAATTACAAGGCTAGAGTGCGTTCGGGGTAGAGGGAATTCCTGGTGTAGCGGTGAAATGCGTAGATATCAGGAAGAACACCAGTGGCGAAGGCGCTCTACTAGGCCGCAACTGACACTGAGGGACGAAAGCTAGGGGAGCGAATGGG"
"ASV_726","Bacteria","Cyanobacteria","Cyanobacteriia","Cyanobacteriales","Nostocaceae","Trichormus HINDAK 2001-4","ASV_726","TACGGAGGATGCAAGCGTTATCCGGAATGATTGGGCGTAAAGGGTCCGCAGGTGGCTATGTAAGTCTGCTGTTAAATAGTCATGCTCAACATGATCAAGGCAGTGGAAACTACAAGGCTAGAGTGCGTTCGGGGCAGAGGGAATTCCTGGTGTAGCGGTGAAATGCGTAGATATCAGGAAGAACACCGGTGGCGAAAGCGCTCTGCTAGGCCGCAACTGACACTGAGGGACGAAAGCTAGGGGAGCGAATGGG"
"ASV_740","Bacteria","Cyanobacteria","Cyanobacteriia","Cyanobacteriales","Nostocaceae","Trichormus HINDAK 2001-4","ASV_740","TACGGAGGATGCAAGCGTTATCCGGAATGATTGGGCGTAAAGGGTCCGCAGGTGGCTGTGTAAGTCTGCTGTTAAAGAGTCATGCTCAACATGATCAAGGCAGTGGAAACTACAAGGCTAGAGTGCGTTCGGGGCAGAGGGAATTCCTGGTGTAGCGGTGAAATGCGTAGATATCAGGAAGAACACCGGTGGCGAAAGCGCTCTGCTAGGCCGCAACTGACACTGAGGGACGAAAGCTAGGGGAGCGAATGGG"
"ASV_1055","Bacteria","Cyanobacteria","Cyanobacteriia","Cyanobacteriales","Nostocaceae","NA","ASV_1055","TACGGAGGATGCAAGCGTTATCCGGAATGATTGGGCGTAAAGGGTCTGTAGGTGGTTGTTCAAGTCTGCTGTTAAAGCGTCTGGCTTAACCAGATAAAGGCGGTGGAAACTGAACGACTAGAGTGCGGTAGGGGTAGAGGGAATTCCCAGTGTAGCGGTGAAATGCGTAGATATTGGGAAGAACACCTGTGGCGAAAGCGCTCTACTGGACCGCGACTGACACTGATGGACGAAAGCTAGGGGAGCAAATGGG"
"ASV_46","Bacteria","Cyanobacteria","Cyanobacteriia","Cyanobacteriales","Nostocaceae","NA","ASV_46","TACGGAGGATGCAAGCGTTATCCGGAATGATTGGGCGTAAAGGGTCTGTAGGTGGTTGTTCAAGTCTGCTGTTAAAGCGTCTGGCTTAACCAGATAAAGGCGGTGGAAACTGAACGACTAGAGTGCGGTAGGGGTAGAGGGAATTCCCAGTGTAGCGGTGAAATGCGTAGATATTGGGAAGAACACCTGTGGCGAAAGCGCTCTACTGGACCGCGACTGACACTGATGGACGAAAGCTAGGGGAGCGAATGGG"
"ASV_429","Bacteria","Cyanobacteria","Cyanobacteriia","Cyanobacteriales","Nostocaceae","NA","ASV_429","TACGGAGGATGCAAGCGTTATCCGGAATGATTGGGCGTAAAGGGTCTGTAGGTGGTTGTTCAAGTCTGCTGTTAAAGCGTCTGGCTTAACCAGATAAAGGCGGTGGAAACTGAACGACTAGAGTGCGGTAGGGGTAGAGGGAATTCCCAGTGTAGCGGTGAAATGCGTAGATCTTGGGAAGAACACCTGTGGCGAAAGCGCTCTACTGGACCGCGACTGACACTCATGGACGAAAGCTAGGGGAGCGAATGGG"
"ASV_164","Bacteria","Cyanobacteria","Cyanobacteriia","Cyanobacteriales","Nostocaceae","NA","ASV_164","TACGGAGGATGCAAGCGTTATCCGGAATGATTGGGCGTAAAGGGTCTGTAGGTGGTTGTTCAAGTCTGCTGTTAAAGCGTCTGGCTTAACCAGATAAAGGCGGTGGAAACTGAACGACTAGAGTGCGGTAGGGGTAGAGGGAATTCCCAGTGTAGCGGTGAAATGCGTAGATCTTGGGAAGAACACCTGTGGCGAAAGCGCTCTACTGGACCGCGACTGACACTGATGGACGAAAGCTAGGGGAGCGAATGGG"
"ASV_4873","Bacteria","Cyanobacteria","Cyanobacteriia","Cyanobacteriales","Nostocaceae","NA","ASV_4873","TACGGAGGATGCAAGCGTTATCCGGAATGATTGGGCGTAAAGGGTCTGTAGGTGGTTGTTCAAGTCTGCTGTTAAAGCGTCTGGCTTAACCAGATAAAGGCGGTGGAAATTGAACGACTAGAGTGCGGTAGGGGTAGAGGGAATTCCCAGTGTAGCGGTGAAATGCGTAGATATTGGGAAGAACACCTGTGGCGAAAGCGCTCTACTGGACCGCGACTGACACTGATGGACGAAAGCTAGGGGAGCGAATGGG"
"ASV_4737","Bacteria","Cyanobacteria","Cyanobacteriia","Cyanobacteriales","Nostocaceae","NA","ASV_4737","TACGGAGGATGCAAGCGTTATCCGGAATGATTGGGCGTAAAGGGTCTGTAGGTGGTTGTTCAAGTCTGCTGTTAAAGCGTCTGGCTTAACCAGATAAAGGCGGTGGAAATTGAACGACTAGAGTGCGGTAGGGGTAGAGGGAATTCCCAGTGTAGCGGTGAAATGCGTAGATCTTGGGAAGAACACCTGTGGCGAAAGCGCTCTACTGGACCGCGACTGACACTCATGGACGAAAGCTAGGGGAGCGAATGGG"
"ASV_1396","Bacteria","Cyanobacteria","Cyanobacteriia","Cyanobacteriales","Chroococcidiopsaceae","NA","ASV_1396","TACGGAGGATGCAAGCGTTATCCGGAATTATTGGGCGTAAAGCGTCCGCAGGTGGCAATTCAAGTCTGCTGTTAAAGGTTCTGGCTCAACCAGAAACAGGCAGTGGAAACTGAATAGCTAGAGTGCGGTAGGGGCAGAGGGAATTCCCAGTGTAGCGGTGAAATGCGTAGAGATTGGGAAGAACACCGGTGGCGAAAGCGCTCTGCTAGGCCGTAACTGACACTCATGGACGAAAGCTAGGGGAGCGAATGGG"
"ASV_213","Bacteria","Cyanobacteria","Cyanobacteriia","Cyanobacteriales","Coleofasciculaceae","Wilmottia Ant-Ph58","ASV_213","TACGGAGGATGCAAGCGTTATCCGGAATTATTGGGCGTAAAGCGTCCGCAGGTGGCACTTCAAGTCTGCTGTCAAAGACCGGGGCTTAACCCTGGAAAGGCAGTGGAAACTGAAGCGCTAGAGTGTGGCAGGGGTAGAGGGAATTCCCGGTGTAGCGGTGAAATGCGTAGAGATCGGGAAGAACATCGGTGGCGAAAGCGCTCTACTGGGCCACAACTGACACTCAGGGACGAAAGCTAGGGGAGCGAATGGG"
"ASV_390","Bacteria","Cyanobacteria","Cyanobacteriia","Cyanobacteriales","Coleofasciculaceae","Wilmottia Ant-Ph58","ASV_390","TACGGAGGATGCAAGCGTTATCCGGAATTATTGGGCGTAAAGCGTCCGCAGGTGGCACTTCAAGTCTGCTGTCAAAGGTCGGGGCTTAACCCCGGGAAGGCAGTGGAAACTGAAGCGCTAGAGTGTCGTAGGGGTAGAGGGAATTCCCGGTGTAGCGGTGAAATGCGTAGAGATCGGGAAGAACATCGGTGGCGAAAGCGCTCTACTGGACGACAACTGACACTCAGGGACGAAAGCTAGGGGAGCGAATGGG"
"ASV_1360","Bacteria","Cyanobacteria","Cyanobacteriia","Cyanobacteriales","Coleofasciculaceae","NA","ASV_1360","TACGGAGGATGCAAGCGTTATCCGGAATTATTGGGCGTAAAGCGTCCGCAGGTGGCACTTCAAGTCTGTCGTCAAAGACCGGGGCTTAACCCTGGAAAGGCGATGGAAACTGAAAGGCTAGAGAGAGGTAGGGGTAGAGGGAATTCCCAGTGTAGCGGTGAAATGCGTAGAGATTGGGAAGAACACCCGTGGCGAAAGCGCTCTACTGGACCTCATCTGACACTCAGGGACGAAAGCTAGGGGAGCGAATGGG"
"ASV_268","Bacteria","Cyanobacteria","Cyanobacteriia","Cyanobacteriales","Coleofasciculaceae","NA","ASV_268","TACGGAGGATGCAAGCGTTATCCGGAATTATTGGGCGTAAAGCGTCCGCAGGTGGCACTTCAAGTCTGTCGTCAAAGACCGGGGCTTAACCCTGGAAAGGCGATGGAAACTGAAAGGCTAGAGAGAGGTAGGGGTAGAGGGAATTCCCAGTGTAGCGGTGAAATGCGTAGAGATTGGGAAGAACATCGGTGGCGAAAGCGCTCTACTGGACCTCATCTGACACTCAGGGACGAAAGCTAGGGGAGCGAATGGG"
"ASV_735","Bacteria","Cyanobacteria","Cyanobacteriia","Cyanobacteriales","Chroococcidiopsaceae","Aliterella","ASV_735","TACGGAGGATGCAAGCGTTATCCGGAATTATTGGGCGTAAAGCGTCCGCAGGTGGCAGTTCAAGTCTGCTGTCAAAGGTCAGGGCTCAACCCTGAACAGGCAGTGGAAACTGAACAGCTAGAGTGCGGTAGGGGCAGAGGGAATTCCCAGTGTAGCGGTGAAATGCGTAGAGATTGGGAAGAACACCGGTGGCGAAAGCGCTCTGCTAGGCCTGCACTGACACTCAGGGACGAAAGCTAGGGGAGCGAATGGG"
"ASV_4351","Bacteria","Cyanobacteria","Cyanobacteriia","Cyanobacteriales","Coleofasciculaceae","Wilmottia Ant-Ph58","ASV_4351","TACGGAGGATGCAAGCGTTATCCGGAATTATTGGGCGTAAAGCGTCCGCAGGTGGCATTTCAAGTCTGCTGTCAAAGACCGGGGCTTAACCCTGGAAAGGCAGTGGAAACTGAAACGCTAGAGTGTCGTAGGGGTAGAGGGAATTCCTGGTGTAGCGGTGAAATGCGTAGAGATCAGGAAGAACATCGGTGGCGAAAGCGCTCTACTGGACGACAACTGACACTCAGGGACGAAAGCTAGGGGAGCGAATGGG"
"ASV_690","Bacteria","Cyanobacteria","Cyanobacteriia","Cyanobacteriales","Coleofasciculaceae","Wilmottia Ant-Ph58","ASV_690","TACGGAGGATGCAAGCGTTATCCGGAATTATTGGGCGTAAAGCGTCCGCAGGTGGCTAATCAAGTCTGCGGTCAAAGACCGGGGCTTAACCCTGGAAAGGCCGTGGAAACTGATAAAGCTAGAGTACCGTAGGGGTAGAGGGAATTCCCGGTGTAGCGGTGAAATGCGTAGAGATCGGGAAGAACATCGGTGGCGAAAGCGCTCTACTGGACGGTGACTGACACTCAGGGACGAAAGCTAGGGGAGCGAATGGG"
"ASV_67","Bacteria","Cyanobacteria","Cyanobacteriia","Cyanobacteriales","Coleofasciculaceae","Microcoleus SAG 1449-1a","ASV_67","TACGGAGGATGCAAGCGTTATCCGGAATTATTGGGCGTAAAGCGTCCGCAGGTGGCTCATCAAGTCTGCTGTCAAAGGCAGGGGCTTAACCCCTGAAAGGCAGTGGAAACTGGAGAGCTAGAGTGCAGTAGGGGTAGAGGGAATTCCCGGTGTAGCGGTGAAATGCGTAGAGATCGGGAAGAACATCGGTGGCGAAAGCGCTCTGCTGGACTGCAACTGACACTAAAGGACGAAAGCTAGGGGAGCGAATGGG"
"ASV_1553","Bacteria","Cyanobacteria","Cyanobacteriia","Cyanobacteriales","Coleofasciculaceae","Wilmottia Ant-Ph58","ASV_1553","TACGGAGGATGCAAGCGTTATCCGGAATTATTGGGCGTAAAGCGTCCGCAGGTGGCTGATCAAGTCTGCGGTCAAAGACCGGGGCTTAACCCTGGAAAGGCCGTGGAAACTGATCAAGCTAGAGTACCGTAGGGGTAGAGGGAATTCCCGGTGTAGCGGTGAAATGCGTAGAGATCGGGAAGAACATCGGTGGCGAAAGCGCTCTACTGGACGGTGACTGACACTCAGGGACGAAAGCTAGGGGAGCGAATGGG"
"ASV_355","Bacteria","Cyanobacteria","Cyanobacteriia","Cyanobacteriales","Coleofasciculaceae","Wilmottia Ant-Ph58","ASV_355","TACGGAGGATGCAAGCGTTATCCGGAATTATTGGGCGTAAAGCGTCCGCAGGTGGCTTATCAAGTCTGCGGTCAAAGACCGGGGCTTAACCCTGGAAAGGCCGTGGAAACTGATAAAGCTAGAGTACCGTAGGGGTAGAGGGAATTCCCGGTGTAGCGGTGAAATGCGTAGAGATCGGGAAGAACATCGGTGGCGAAAGCGCTCTACTGGACGGTGACTGACACTCAGGGACGAAAGCTAGGGGAGCGAATGGG"
"ASV_2942","Bacteria","Cyanobacteria","Cyanobacteriia","Leptolyngbyales","Leptolyngbyaceae","RD011","ASV_2942","TACGGAGGATGCAAGCGTTATCCGGAATTATTGGGCGTAAAGCGTCCGCAGGTGGTTGTACAAGTCTGCTGTCAAAGCGCGGAGCTTAACTCCGTAAAGGCGGTGGAAACTGTGCGACTAGAGTTCGGTAGGGGTCGCGGGAATTCCCAGTGTAGCGGTGAAATGCGTAGATATTGGGAAGAACACCGGTGGCGAAAGCGCGCGACTGGACCGAGACTGACACTCATGGACGAAAGCTAGGGGAGCGAAAGGG"
"ASV_2228","Bacteria","Cyanobacteria","Cyanobacteriia","Leptolyngbyales","Leptolyngbyaceae","LB3-76","ASV_2228","TACGGAGGATGCAAGCGTTATCCGGAATTATTGGGCGTAAAGCGTCCGCAGGTGGTTTATCAAGTCTGCTGTCAAATCGTAGGGCTTAACCCTATAAGGGCAGTGGAAACTGAGAGACTAGAGTACGGTAGGGGTAGCGGGAATTCCCAGTGTAGCGGTGAAATGCGTAGATATTGGGAAGAACACCAGCGGCGAAGGCGCGCTACTGGGCCGAAACTGACACTCATGGACGAAAGCTAGGGGAGCGAAAGGG"
"ASV_3829","Bacteria","Cyanobacteria","Cyanobacteriia","Leptolyngbyales","Leptolyngbyaceae","LB3-76","ASV_3829","TACGGAGGATGCAAGCGTTATCCGGAATTATTGGGCGTAAAGCGTCCGCAGGTGGTTTATCAAGTCTGCTGTTAAATCGTAGGGCTTAACCCTATAAAGGCAGTGGAAACTGAGAGACTAGAGTACGGTAGGGGTAGCGGGAATTCCCAGTGTAGCGGTGAAATGCGTAGATATTGGGAAGAACACCAGCGGCGAAGGCGCGCTACTGGGCCGAAACTGACACTGATGGACGAAAGCTAGGGGAGCGAAAGGG"
"ASV_1028","Bacteria","Cyanobacteria","Cyanobacteriia","Leptolyngbyales","Leptolyngbyaceae","Phormidesmis ANT.L52.6","ASV_1028","TACGGAGGATGCAAGCGTTATCCGGAATTATTGGGCGTAAAGCGTCCGCAGGTGGTTTTGAAAGTTTGCTGTCAAAGCGCGGAGCTTAACTTCGTACCGGCAGTGAAAACTACAAGACTAGAGTTTGGTAGGGGTCACGGGAATTCCCAGTGTAGCGGTGAAATGCGTAGAGATTGGGAAGAACACCAGCGGCGAAAGCGCGTGACTGGGCCTGAACTGACACTCATGGACGAAAGCTAGGGGAGCGAAAGGG"
"ASV_697","Bacteria","Cyanobacteria","Cyanobacteriia","Cyanobacteriales","NA","NA","ASV_697","TACGGAGGATGCAAGCGTTATCCGGAATTATTGGGCGTAAAGCGTCCGTAGATGGTTTTGCCAGTCGGCTGTCAAAGCACAGGGCTTAACCCTGCAAAGGCAGTGGAAACTACAAGACTAGAGTGCAGTAGGGGCAGAGGGAATTCCCAGTGTAGCGGTGAAATGCGTAGAGATTGGGAAGAACACCCGTGGCGAAAGCGCTCTGCTGGACTGCAACTGACATTGAGGGACGAAAGCTAGGGGAGCGAATGGG"
"ASV_291","Bacteria","Cyanobacteria","Cyanobacteriia","Cyanobacteriales","NA","NA","ASV_291","TACGGAGGATGCAAGCGTTATCCGGAATTATTGGGCGTAAAGCGTCCGTAGATGGTTTTGCCAGTCGGCTGTCAAAGCACAGGGCTTAACCCTGTAAAGGCAGTGGAAACTACAAGACTAGAGTGCAGTAGGGGCAGAGGGAATTCCCAGTGTAGCGGTGAAATGCGTAGAGATTGGGAAGAACACCCGTGGCGAAAGCGCTCTGCTGGACTGCAACTGACATTGAGGGACGAAAGCTAGGGGAGCGAATGGG"
"ASV_180","Bacteria","Cyanobacteria","Cyanobacteriia","Cyanobacteriales","NA","NA","ASV_180","TACGGAGGATGCAAGCGTTATCCGGAATTATTGGGCGTAAAGCGTCCGTAGATGGTTTTGCCAGTCGGCTGTCAAAGCACAGGGCTTAACCCTGTAAAGGCAGTGGAAACTACAAGACTAGAGTGCAGTAGGGGCAGAGGGAATTCCCAGTGTAGCGGTGAAATGCGTAGAGATTGGGAAGAACACCCGTGGCGAAAGCGCTCTGCTGGACTGCCACTGACATTGAGGGACGAAAGCTAGGGGAGCGAATGGG"
"ASV_566","Bacteria","Cyanobacteria","Cyanobacteriia","Cyanobacteriales","NA","NA","ASV_566","TACGGAGGATGCAAGCGTTATCCGGAATTATTGGGCGTAAAGCGTCCGTAGATGGTTTTGCCAGTCGGCTGTCAAAGCACAGGGCTTAACCCTGTAAAGGCAGTGGAAACTACAAGACTAGAGTGCAGTAGGGGCAGAGGGAATTCCCAGTGTAGCGGTGAAATGCGTAGAGATTGGGAAGAACACCCGTGGCGAAAGCGCTCTGCTGGACTGCTACTGACATTGAGGGACGAAAGCTAGGGGAGCGAATGGG"
"ASV_582","Bacteria","Cyanobacteria","Cyanobacteriia","Leptolyngbyales","Leptolyngbyaceae","Leptolyngbya Es-Yyy1000","ASV_582","TACGGAGGATGCAAGCGTTATCCGGAATTATTGGGCGTAAAGCGTCCGTAGGTGGTTGTTCAAGTCTGCTGTCAAAGCGTGGAGCTTAACTCCATACCGGCAGTGGAAACTGGGCGACTAGAGTGCGATAGGGGTAACGGGAATTCCCAGTGTAGCGGTGAAATGCGTAGAGATTGGGAAGAACACCAGCGGCGAAAGCGCGTTACTGGGTCTGCACTGACACTGAGGGACGAAAGCTAGGGGAGCGAAAGGG"
"ASV_462","Bacteria","Cyanobacteria","Cyanobacteriia","Cyanobacteriales","NA","NA","ASV_462","TACGGAGGATGCAAGCGTTATCCGGAATTATTGGGCGTAAAGCGTCCGTAGGTGGTTTTGCAAGTCGGCTGTCAAAGCACAGGGCTTAACCCTGTAAAGGCAGTGGAAACTACAAGACTCGAGTGCAGTAGGGGCAGAGGGAATTCCCAGTGTAGCGGTGAAATGCGTAGAGATTGGGAAGAACACCCGTGGCGAAAGCGCTCTGCTGGACTGCAACTGACACTCAGGGACGAAAGCTAGGGGAGCGAATGGG"
"ASV_1263","Bacteria","Cyanobacteria","Cyanobacteriia","Cyanobacteriales","NA","NA","ASV_1263","TACGGAGGATGCAAGCGTTATCCGGAATTATTGGGCGTAAAGCGTCTGTAGGTGGACACTTCAAGTCTGCTGTCAAAGACCGGGGCTTAACCCTGGAAAGGCGGTGGAAACTGAACGTCTAGAGTGCGGTAGGGGCAGAGGGAATTCCCAGTGTAGCGGTGAAATGCGTAGAGATTGGGAAGAACACCGGTGGCGAAAGCGCTCTGCTGGGCCTGCACTGACACTGATGGACGAAAGCTAGGGGAGCGAATGGG"
"ASV_1729","Bacteria","Cyanobacteria","Cyanobacteriia","Cyanobacteriales","NA","NA","ASV_1729","TACGGAGGATGCAAGCGTTATCCGGAATTATTGGGCGTAAAGCGTCTGTAGGTGGACGTTCAAGTCTGCTGTCAAAGACCGGGGCTTAACCCTGGAAAGGCGGTGGAAACTGAAAGTCTAGAGTGCGGTAGGGGTAGAGGGAATTCCCAGTGTAGCGGTGAAATGCGTAGAGATTGGGAAGAACACCGGTGGCGAAAGCGCTCTGCTGGGCCTGCACTGACACTAAGGGACGAAAGCTAGGGGAGCGAATGGG"
"ASV_2067","Bacteria","Cyanobacteria","Cyanobacteriia","Cyanobacteriales","NA","NA","ASV_2067","TACGGAGGATGCAAGCGTTATCCGGAATTATTGGGCGTAAAGCGTCTGTAGGTGGATATTCAAGTCTGCTGTCAAAGACCGTGGCTCAACCATGGAAAGGCGGTGGAAACTGAAAGTCTAGAGTGCGGTAGGGGCAGAGGGAATTCCCAGTGTAGCGGTGAAATGCGTAGAGATTGGGAAGAACACCCGTGGCGAAAGCGCTCTGCTGGGCCTGCACTGACACTAAGGGACGAAAGCTAGGGGAGCGAATGGG"
"ASV_1952","Bacteria","Cyanobacteria","Cyanobacteriia","Cyanobacteriales","NA","NA","ASV_1952","TACGGAGGATGCAAGCGTTATCCGGAATTATTGGGCGTAAAGCGTCTGTAGGTGGATATTCAAGTCTGCTGTCAAAGACCGTGGCTCAACCATGGAAAGGCGGTGGAAACTGAAAGTCTAGAGTGCGGTAGGGGCAGAGGGAATTCCCAGTGTAGCGGTGAAATGCGTAGAGATTGGGAAGAACACCGGTGGCGAAAGCGCTCTGCTGGGCCTGCACTGACACTAAGGGACGAAAGCTAGGGGAGCGAATGGG"
"ASV_3574","Bacteria","Cyanobacteria","Cyanobacteriia","Cyanobacteriales","NA","NA","ASV_3574","TACGGAGGATGCAAGCGTTATCCGGAATTATTGGGCGTAAAGCGTCTGTAGGTGGATGTTCAAGTCTGCTGTCAAAGACCGGGGCTCAACCCTGGAAAGGCAGTGGAAACTGAAGATCTAGAGTGCGGTAGGGGCAGAGGGAATTCCCAGTGTAGCGGTGAAATGCGTAGAGATTGGGAAGAACACCGGTGGCGAAAGCGCTCTGCTGGGCCTGCACTGACACTGAGGGACGAAAGCTAGGGGAGCGAATGGG"
"ASV_5437","Bacteria","Cyanobacteria","Cyanobacteriia","Cyanobacteriales","NA","NA","ASV_5437","TACGGAGGATGCAAGCGTTATCCGGAATTATTGGGCGTAAAGCGTCTGTAGGTGGATGTTCAAGTCTGCTGTCAAAGACCGTGGCTCAACCATGGAAAGGCGGTGGAAACTGAAAGTCTAGAGTGCGGTAGGGGCAGAGGGAATTCCCAGTGTAGCGGTGAAATGCGTAGAGATTGGGAAGAACACCGGTGGCGAAAGCGCTCTGCTGGGCCTGCACTGACACTAAGGGACGAAAGCTAGGGGAGCGAATGGG"
"ASV_1301","Bacteria","Cyanobacteria","Cyanobacteriia","Leptolyngbyales","Leptolyngbyaceae","RD011","ASV_1301","TACGGAGGATGCAAGCGTTATCCGGAATTATTGGGCGTAAAGGGTCTGTAGGTGGTTATTCAAGTCTGCTGTCAAAGCGCGGAGCTTAACTCCGTAAAGGCGGTGGAAACTGAGTAACTAGAGTTCGGTAGGGGTTGCGGGAATTCCCAGTGTAGCGGTGAAATGCGTAGATATTGGGAAGAACACCGGTGGCGAAAGCGCGCGACTGGACCGAGACTGACACTGAGGGACGAAAGCTAGGGGAGCGAAAGGG"
"ASV_1133","Bacteria","Cyanobacteria","Cyanobacteriia","Cyanobacteriales","Chroococcidiopsaceae","Chroococcidiopsis CC1","ASV_1133","TACGGAGGATGCAAGCGTTATCCGGATTTATTGGGCGTAAAGCGTCCGCAGGTGGCAGTTCAAGTCTGCTGTCAAAGGTCGGGGCTCAACCCCGAACAGGCAGTGGAAACTGAACAGCTAGAGTACGGTAGGGGCAGAGGGAATTCCCAGTGTAGCGGTGAAATGCGTAGAGATTGGGAAGAACACCGGTGGCGAAAGCGCTCTGCTAGGCCGAAACTGACACTCATGGACGAAAGCTAGGGGAGCGAATGGG"
"ASV_1961","Bacteria","Cyanobacteria","Cyanobacteriia","Leptolyngbyales","Leptolyngbyaceae","Phormidium SAG 37.90","ASV_1961","TACGGAGGATGCAAGCGTTATCCGGATTTATTGGGCGTAAAGCGTCCGCAGGTGGTTGTTCAAGTCTGCTGTTAAAGCGCGAGGCTTAACCTCGTACAGGCAGTGGAAACTGAGCGACTAGAGTATGGTAGGGGTAGCGGGAATTCCCAGTGTAGCGGTGAAATGCGTAGATATTGGGAAGAACACCAGCGGCGAAAGCGCGCTACTGGGCCATTACTGACACTCATGGACGAAAGCTAGGGGAGCGAAAGGG"
"ASV_1761","Bacteria","Cyanobacteria","Cyanobacteriia","Leptolyngbyales","Leptolyngbyaceae","Phormidium SAG 37.90","ASV_1761","TACGGAGGATGCAAGCGTTATCCGGATTTATTGGGCGTAAAGCGTCCGCAGGTGGTTTTACAAGTCTGCTGTTAAAGCGCGAGGCTTAACCTCGTACAGGCAGTGGAAACTGTGAGACTAGAGTATGGTAGGGGTAGCGGGAATTCCCAGTGTAGCGGTGAAATGCGTAGATATTGGGAAGAACACCAGCGGCGAAAGCGCGCTACTGGGCCATTACTGACACTCATGGACGAAAGCTAGGGGAGCGAAAGGG"
"ASV_2245","Bacteria","Cyanobacteria","Cyanobacteriia","Cyanobacteriales","Nostocaceae","Scytonema UTEX 2349","ASV_2245","TACGGGGGATGCAAGCGTTATCCGGAATGATTGGGCGTAAAGCGTCCGCAGGTGGCTATGTAAGTCTGCTGTTAAAGAGTCTGGCTCAACCAGATAAAGGCAGTGGAAACTACATGGCTAGAGTGCGTTCGGGGCAGAGGGAATTCCTGGTGTAGCGGTGAAATGCGTAGAGATCAGGAAGAACACCGGTGGCGAAAGCGCTCTGCTAGGCCGCAACTGACACTGAGGGACGAAAGCTAGGGGAGCGAATGGG"
"ASV_69","Bacteria","Cyanobacteria","Cyanobacteriia","Cyanobacteriales","Coleofasciculaceae","NA","ASV_69","TACGGGGGATGCAAGCGTTATCCGGAATTATTGGGCGTAAAGCGTCCGCAGGTGGCTAATCAAGTCTGCTGTCAAAGGTTGGGGCTTAACCCCAAAAAGGCAGTGGAAACTGAGAAGCTAGAGTGCAGTAGGGGTAGAGGGAATTCCCGGTGTAGCGGTGAAATGCGTAGAGATCGGGAAGAACATCGGTGGCGAAAGCGCTCTACTGGACTGCAACTGACACTCAGGGACGAAAGCTAGGGGAGCGAATGGG"
"ASV_728","Bacteria","Cyanobacteria","Sericytochromatia","NA","NA","NA","ASV_728","TACGTAGGATGCAAGCGTTGTCCGGAATTATTGGGCGTAAAGCGAACGTAGGCGGCCTTTTAAGTTTGGTCTTAAAGACCGGGGCTCAACCCCGGGAATGGACTGAATACTGGGAGGCTGGAGGATGTCAGAGGAAGGTGGAATTCCGAGTGTAGCGGTGAAATGCGTAGATATTCGGAGGAACACCAGTGGCGAAAGCGACCTTCTGGGGCATTCCTGACGCTGAGGTTCGAAAGCTCGGGGAGCAAACAGG"
"ASV_574","Bacteria","Cyanobacteria","Sericytochromatia","NA","NA","NA","ASV_574","TACGTAGGATGCAAGCGTTGTCCGGATTTATTGGGCGTAAAGCGAACGTAGGCGGCTTCTTAAGTTTGGTCTTAAAGACCGGGGCTCAACCCCGGGAGTGGACTGAATACTGGGAGGCTAGAGGATGTCAGAGGAAAGTGGAATTCCTAGTGTAGCGGTGAAATGCGTAGATATTAGGAGGAACACCAGTGGCGAAAGCGACTTTCTGGGACATTTCTGACGCTGAGGTTCGAAAGCTCGGGGAGCAAACAGG"
"ASV_714","Bacteria","Cyanobacteria","Sericytochromatia","NA","NA","NA","ASV_714","TACGTAGGATGCAAGCGTTGTCCGGATTTATTGGGCGTAAAGCGAACGTAGGCGGTTTCTTAAGTTTGGTCTTAAAGACCGGGGCTCAACCCCGGGAATGGATCGAATACTGGGAGACTGGAGGATGGTAGAGGAAGGTGGAATTCCCAGTGTAGCGGTGAAATGCGTAGATATTGGGAGGAACACCGGTGGCGAAAGCGGCCTTCTGGGCCATTCCTGACGCTGAGGTTCGAAAGCTCGGGGAGCAAACAGG"
